Workbook

Sheet Locations
A1: Name | B1: Latitude | C1: Longitude | E1: Source: Google Places geocoding; straight-line (haversine) coordinates.
A2: Stanford Court | B2: 33.651943 | C2: -117.83748
A3: Princeton Court | B3: 33.6524 | C3: -117.8365
A4: Oxford Court | B4: 33.653477 | C4: -117.83813
A5: Ambrose | B5: 33.652996 | C5: -117.83506
A6: Dartmouth Court | B6: 33.6514 | C6: -117.8378
A7: Columbia Court | B7: 33.6494 | C7: -117.8378
A8: Berkeley Court | B8: 33.648954 | C8: -117.83711
A9: Harvard Court | B9: 33.650239 | C9: -117.83455
A10: Cornell Court | B10: 33.651 | C10: -117.8355
A11: Mesa Court | B11: 33.652111 | C11: -117.84465
A12: Middle Earth | B12: 33.644883 | C12: -117.83724
A13: Puerta del Sol | B13: 33.647818 | C13: -117.83304
... A20: Camino del Sol | B20: 33.64449 | C20: -117.82488

Sheet Distance Matrix (ft)
B1: =Locations!A2 -> Stanford Court | C1: =Locations!A3 -> Princeton Court | D1: =Locations!A4 -> Oxford Court | E1: =Locations!A5 -> Ambrose | F1: =Locations!A6 -> Dartmouth Court | G1: =Locations!A7 -> Columbia Court | H1: =Locations!A8 -> Berkeley Court | I1: =Locations!A9 -> Harvard Court | J1: =Locations!A10 -> Cornell Court | K1: =Locations!A11 -> Mesa Court | L1: =Locations!A12 -> Middle Earth | M1: =Locations!A13 -> Puerta del Sol | N1: =Locations!A14 -> Verano | O1: =Locations!A15 -> Arroyo Vista | P1: =Locations!A16 -> Plaza Verde 1 | Q1: =Locations!A17 -> Plaza Verde 2 | R1: =Locations!A18 -> Vista del Campo Norte | S1: =Locations!A19 -> Vista del Campo | T1: =Locations!A20 -> Camino del Sol
A2: =Locations!A2 -> Stanford Court | B2: =0 -> 0 | C2: =ROUND(3958.8*5280*ACOS(MIN(1,MAX(-1,SIN(RADIANS(Locations!$B2))*SIN(RADIANS(Locations!$B3))+COS(RADIANS(Locations!$B2))*COS(RADIANS(Locations!$B3))*COS(RADIANS(Locations!$C3-Locations!$C2))))),0) -> 342 | D2: =ROUND(3958.8*5280*ACOS(MIN(1,MAX(-1,SIN(RADIANS(Locations!$B2))*SIN(RADIANS(Locations!$B4))+COS(RADIANS(Locations!$B2))*COS(RADIANS(Locations!$B4))*COS(RADIANS(Locations!$C4-Locations!$C2))))),0) -> 594 | E2: =ROUND(3958.8*5280*ACOS(MIN(1,MAX(-1,SIN(RADIANS(Locations!$B2))*SIN(RADIANS(Locations!$B5))+COS(RADIANS(Locations!$B2))*COS(RADIANS(Locations!$B5))*COS(RADIANS(Locations!$C5-Locations!$C2))))),0) -> 832 | F2: =ROUND(3958.8*5280*ACOS(MIN(1,MAX(-1,SIN(RADIANS(Locations!$B2))*SIN(RADIANS(Locations!$B6))+COS(RADIANS(Locations!$B2))*COS(RADIANS(Locations!$B6))*COS(RADIANS(Locations!$C6-Locations!$C2))))),0) -> 220 | G2: =ROUND(3958.8*5280*ACOS(MIN(1,MAX(-1,SIN(RADIANS(Locations!$B2))*SIN(RADIANS(Locations!$B7))+COS(RADIANS(Locations!$B2))*COS(RADIANS(Locations!$B7))*COS(RADIANS(Locations!$C7-Locations!$C2))))),0) -> 933 | H2: =ROUND(3958.8*5280*ACOS(MIN(1,MAX(-1,SIN(RADIANS(Locations!$B2))*SIN(RADIANS(Locations!$B8))+COS(RADIANS(Locations!$B2))*COS(RADIANS(Locations!$B8))*COS(RADIANS(Locations!$C8-Locations!$C2))))),0) -> 1096 | I2: =ROUND(3958.8*5280*ACOS(MIN(1,MAX(-1,SIN(RADIANS(Locations!$B2))*SIN(RADIANS(Locations!$B9))+COS(RADIANS(Locations!$B2))*COS(RADIANS(Locations!$B9))*COS(RADIANS(Locations!$C9-Locations!$C2))))),0) -> 1087 | J2: =ROUND(3958.8*5280*ACOS(MIN(1,MAX(-1,SIN(RADIANS(Locations!$B2))*SIN(RADIANS(Locations!$B10))+COS(RADIANS(Locations!$B2))*COS(RADIANS(Locations!$B10))*COS(RADIANS(Locations!$C10-Locations!$C2))))),0) -> 694 | K2: =ROUND(3958.8*5280*ACOS(MIN(1,MAX(-1,SIN(RADIANS(Locations!$B2))*SIN(RADIANS(Locations!$B11))+COS(RADIANS(Locations!$B2))*COS(RADIANS(Locations!$B11))*COS(RADIANS(Locations!$C11-Locations!$C2))))),0) -> 2177 | L2: =ROUND(3958.8*5280*ACOS(MIN(1,MAX(-1,SIN(RADIANS(Locations!$B2))*SIN(RADIANS(Locations!$B12))+COS(RADIANS(Locations!$B2))*COS(RADIANS(Locations!$B12))*COS(RADIANS(Locations!$C12-Locations!$C2))))),0) -> 2577 | M2: =ROUND(3958.8*5280*ACOS(MIN(1,MAX(-1,SIN(RADIANS(Locations!$B2))*SIN(RADIANS(Locations!$B13))+COS(RADIANS(Locations!$B2))*COS(RADIANS(Locations!$B13))*COS(RADIANS(Locations!$C13-Locations!$C2))))),0) -> 2022 | N2: =ROUND(3958.8*5280*ACOS(MIN(1,MAX(-1,SIN(RADIANS(Locations!$B2))*SIN(RADIANS(Locations!$B14))+COS(RADIANS(Locations!$B2))*COS(RADIANS(Locations!$B14))*COS(RADIANS(Locations!$C14-Locations!$C2))))),0) -> 3537 | O2: =ROUND(3958.8*5280*ACOS(MIN(1,MAX(-1,SIN(RADIANS(Locations!$B2))*SIN(RADIANS(Locations!$B15))+COS(RADIANS(Locations!$B2))*COS(RADIANS(Locations!$B15))*COS(RADIANS(Locations!$C15-Locations!$C2))))),0) -> 3186 | P2: =ROUND(3958.8*5280*ACOS(MIN(1,MAX(-1,SIN(RADIANS(Locations!$B2))*SIN(RADIANS(Locations!$B16))+COS(RADIANS(Locations!$B2))*COS(RADIANS(Locations!$B16))*COS(RADIANS(Locations!$C16-Locations!$C2))))),0) -> 2996 | Q2: =ROUND(3958.8*5280*ACOS(MIN(1,MAX(-1,SIN(RADIANS(Locations!$B2))*SIN(RADIANS(Locations!$B17))+COS(RADIANS(Locations!$B2))*COS(RADIANS(Locations!$B17))*COS(RADIANS(Locations!$C17-Locations!$C2))))),0) -> 3297 | R2: =ROUND(3958.8*5280*ACOS(MIN(1,MAX(-1,SIN(RADIANS(Locations!$B2))*SIN(RADIANS(Locations!$B18))+COS(RADIANS(Locations!$B2))*COS(RADIANS(Locations!$B18))*COS(RADIANS(Locations!$C18-Locations!$C2))))),0) -> 4699 | S2: =ROUND(3958.8*5280*ACOS(MIN(1,MAX(-1,SIN(RADIANS(Locations!$B2))*SIN(RADIANS(Locations!$B19))+COS(RADIANS(Locations!$B2))*COS(RADIANS(Locations!$B19))*COS(RADIANS(Locations!$C19-Locations!$C2))))),0) -> 5141 | T2: =ROUND(3958.8*5280*ACOS(MIN(1,MAX(-1,SIN(RADIANS(Locations!$B2))*SIN(RADIANS(Locations!$B20))+COS(RADIANS(Locations!$B2))*COS(RADIANS(Locations!$B20))*COS(RADIANS(Locations!$C20-Locations!$C2))))),0) -> 4696
A3: =Locations!A3 -> Princeton Court | B3: =ROUND(3958.8*5280*ACOS(MIN(1,MAX(-1,SIN(RADIANS(Locations!$B3))*SIN(RADIANS(Locations!$B2))+COS(RADIANS(Locations!$B3))*COS(RADIANS(Locations!$B2))*COS(RADIANS(Locations!$C2-Locations!$C3))))),0) -> 342 | C3: =0 -> 0 | D3: =ROUND(3958.8*5280*ACOS(MIN(1,MAX(-1,SIN(RADIANS(Locations!$B3))*SIN(RADIANS(Locations!$B4))+COS(RADIANS(Locations!$B3))*COS(RADIANS(Locations!$B4))*COS(RADIANS(Locations!$C4-Locations!$C3))))),0) -> 633 | E3: =ROUND(3958.8*5280*ACOS(MIN(1,MAX(-1,SIN(RADIANS(Locations!$B3))*SIN(RADIANS(Locations!$B5))+COS(RADIANS(Locations!$B3))*COS(RADIANS(Locations!$B5))*COS(RADIANS(Locations!$C5-Locations!$C3))))),0) -> 489 | F3: =ROUND(3958.8*5280*ACOS(MIN(1,MAX(-1,SIN(RADIANS(Locations!$B3))*SIN(RADIANS(Locations!$B6))+COS(RADIANS(Locations!$B3))*COS(RADIANS(Locations!$B6))*COS(RADIANS(Locations!$C6-Locations!$C3))))),0) -> 538 | G3: =ROUND(3958.8*5280*ACOS(MIN(1,MAX(-1,SIN(RADIANS(Locations!$B3))*SIN(RADIANS(Locations!$B7))+COS(RADIANS(Locations!$B3))*COS(RADIANS(Locations!$B7))*COS(RADIANS(Locations!$C7-Locations!$C3))))),0) -> 1163 | H3: =ROUND(3958.8*5280*ACOS(MIN(1,MAX(-1,SIN(RADIANS(Locations!$B3))*SIN(RADIANS(Locations!$B8))+COS(RADIANS(Locations!$B3))*COS(RADIANS(Locations!$B8))*COS(RADIANS(Locations!$C8-Locations!$C3))))),0) -> 1271 | I3: =ROUND(3958.8*5280*ACOS(MIN(1,MAX(-1,SIN(RADIANS(Locations!$B3))*SIN(RADIANS(Locations!$B9))+COS(RADIANS(Locations!$B3))*COS(RADIANS(Locations!$B9))*COS(RADIANS(Locations!$C9-Locations!$C3))))),0) -> 986 | J3: =ROUND(3958.8*5280*ACOS(MIN(1,MAX(-1,SIN(RADIANS(Locations!$B3))*SIN(RADIANS(Locations!$B10))+COS(RADIANS(Locations!$B3))*COS(RADIANS(Locations!$B10))*COS(RADIANS(Locations!$C10-Locations!$C3))))),0) -> 594 | K3: =ROUND(3958.8*5280*ACOS(MIN(1,MAX(-1,SIN(RADIANS(Locations!$B3))*SIN(RADIANS(Locations!$B11))+COS(RADIANS(Locations!$B3))*COS(RADIANS(Locations!$B11))*COS(RADIANS(Locations!$C11-Locations!$C3))))),0) -> 2478 | L3: =ROUND(3958.8*5280*ACOS(MIN(1,MAX(-1,SIN(RADIANS(Locations!$B3))*SIN(RADIANS(Locations!$B12))+COS(RADIANS(Locations!$B3))*COS(RADIANS(Locations!$B12))*COS(RADIANS(Locations!$C12-Locations!$C3))))),0) -> 2752 | M3: =ROUND(3958.8*5280*ACOS(MIN(1,MAX(-1,SIN(RADIANS(Locations!$B3))*SIN(RADIANS(Locations!$B13))+COS(RADIANS(Locations!$B3))*COS(RADIANS(Locations!$B13))*COS(RADIANS(Locations!$C13-Locations!$C3))))),0) -> 1975 | N3: =ROUND(3958.8*5280*ACOS(MIN(1,MAX(-1,SIN(RADIANS(Locations!$B3))*SIN(RADIANS(Locations!$B14))+COS(RADIANS(Locations!$B3))*COS(RADIANS(Locations!$B14))*COS(RADIANS(Locations!$C14-Locations!$C3))))),0) -> 3501 | O3: =ROUND(3958.8*5280*ACOS(MIN(1,MAX(-1,SIN(RADIANS(Locations!$B3))*SIN(RADIANS(Locations!$B15))+COS(RADIANS(Locations!$B3))*COS(RADIANS(Locations!$B15))*COS(RADIANS(Locations!$C15-Locations!$C3))))),0) -> 3060 | P3: =ROUND(3958.8*5280*ACOS(MIN(1,MAX(-1,SIN(RADIANS(Locations!$B3))*SIN(RADIANS(Locations!$B16))+COS(RADIANS(Locations!$B3))*COS(RADIANS(Locations!$B16))*COS(RADIANS(Locations!$C16-Locations!$C3))))),0) -> 2838 | Q3: =ROUND(3958.8*5280*ACOS(MIN(1,MAX(-1,SIN(RADIANS(Locations!$B3))*SIN(RADIANS(Locations!$B17))+COS(RADIANS(Locations!$B3))*COS(RADIANS(Locations!$B17))*COS(RADIANS(Locations!$C17-Locations!$C3))))),0) -> 3136 | R3: =ROUND(3958.8*5280*ACOS(MIN(1,MAX(-1,SIN(RADIANS(Locations!$B3))*SIN(RADIANS(Locations!$B18))+COS(RADIANS(Locations!$B3))*COS(RADIANS(Locations!$B18))*COS(RADIANS(Locations!$C18-Locations!$C3))))),0) -> 4508 | S3: =ROUND(3958.8*5280*ACOS(MIN(1,MAX(-1,SIN(RADIANS(Locations!$B3))*SIN(RADIANS(Locations!$B19))+COS(RADIANS(Locations!$B3))*COS(RADIANS(Locations!$B19))*COS(RADIANS(Locations!$C19-Locations!$C3))))),0) -> 4988 | T3: =ROUND(3958.8*5280*ACOS(MIN(1,MAX(-1,SIN(RADIANS(Locations!$B3))*SIN(RADIANS(Locations!$B20))+COS(RADIANS(Locations!$B3))*COS(RADIANS(Locations!$B20))*COS(RADIANS(Locations!$C20-Locations!$C3))))),0) -> 4559
A4: =Locations!A4 -> Oxford Court | B4: =ROUND(3958.8*5280*ACOS(MIN(1,MAX(-1,SIN(RADIANS(Locations!$B4))*SIN(RADIANS(Locations!$B2))+COS(RADIANS(Locations!$B4))*COS(RADIANS(Locations!$B2))*COS(RADIANS(Locations!$C2-Locations!$C4))))),0) -> 594 | C4: =ROUND(3958.8*5280*ACOS(MIN(1,MAX(-1,SIN(RADIANS(Locations!$B4))*SIN(RADIANS(Locations!$B3))+COS(RADIANS(Locations!$B4))*COS(RADIANS(Locations!$B3))*COS(RADIANS(Locations!$C3-Locations!$C4))))),0) -> 633 | D4: =0 -> 0 | E4: =ROUND(3958.8*5280*ACOS(MIN(1,MAX(-1,SIN(RADIANS(Locations!$B4))*SIN(RADIANS(Locations!$B5))+COS(RADIANS(Locations!$B4))*COS(RADIANS(Locations!$B5))*COS(RADIANS(Locations!$C5-Locations!$C4))))),0) -> 951 | F4: =ROUND(3958.8*5280*ACOS(MIN(1,MAX(-1,SIN(RADIANS(Locations!$B4))*SIN(RADIANS(Locations!$B6))+COS(RADIANS(Locations!$B4))*COS(RADIANS(Locations!$B6))*COS(RADIANS(Locations!$C6-Locations!$C4))))),0) -> 765 | G4: =ROUND(3958.8*5280*ACOS(MIN(1,MAX(-1,SIN(RADIANS(Locations!$B4))*SIN(RADIANS(Locations!$B7))+COS(RADIANS(Locations!$B4))*COS(RADIANS(Locations!$B7))*COS(RADIANS(Locations!$C7-Locations!$C4))))),0) -> 1491 | H4: =ROUND(3958.8*5280*ACOS(MIN(1,MAX(-1,SIN(RADIANS(Locations!$B4))*SIN(RADIANS(Locations!$B8))+COS(RADIANS(Locations!$B4))*COS(RADIANS(Locations!$B8))*COS(RADIANS(Locations!$C8-Locations!$C4))))),0) -> 1679 | I4: =ROUND(3958.8*5280*ACOS(MIN(1,MAX(-1,SIN(RADIANS(Locations!$B4))*SIN(RADIANS(Locations!$B9))+COS(RADIANS(Locations!$B4))*COS(RADIANS(Locations!$B9))*COS(RADIANS(Locations!$C9-Locations!$C4))))),0) -> 1606 | J4: =ROUND(3958.8*5280*ACOS(MIN(1,MAX(-1,SIN(RADIANS(Locations!$B4))*SIN(RADIANS(Locations!$B10))+COS(RADIANS(Locations!$B4))*COS(RADIANS(Locations!$B10))*COS(RADIANS(Locations!$C10-Locations!$C4))))),0) -> 1207 | K4: =ROUND(3958.8*5280*ACOS(MIN(1,MAX(-1,SIN(RADIANS(Locations!$B4))*SIN(RADIANS(Locations!$B11))+COS(RADIANS(Locations!$B4))*COS(RADIANS(Locations!$B11))*COS(RADIANS(Locations!$C11-Locations!$C4))))),0) -> 2041 | L4: =ROUND(3958.8*5280*ACOS(MIN(1,MAX(-1,SIN(RADIANS(Locations!$B4))*SIN(RADIANS(Locations!$B12))+COS(RADIANS(Locations!$B4))*COS(RADIANS(Locations!$B12))*COS(RADIANS(Locations!$C12-Locations!$C4))))),0) -> 3147 | M4: =ROUND(3958.8*5280*ACOS(MIN(1,MAX(-1,SIN(RADIANS(Locations!$B4))*SIN(RADIANS(Locations!$B13))+COS(RADIANS(Locations!$B4))*COS(RADIANS(Locations!$B13))*COS(RADIANS(Locations!$C13-Locations!$C4))))),0) -> 2581 | N4: =ROUND(3958.8*5280*ACOS(MIN(1,MAX(-1,SIN(RADIANS(Locations!$B4))*SIN(RADIANS(Locations!$B14))+COS(RADIANS(Locations!$B4))*COS(RADIANS(Locations!$B14))*COS(RADIANS(Locations!$C14-Locations!$C4))))),0) -> 4104 | O4: =ROUND(3958.8*5280*ACOS(MIN(1,MAX(-1,SIN(RADIANS(Locations!$B4))*SIN(RADIANS(Locations!$B15))+COS(RADIANS(Locations!$B4))*COS(RADIANS(Locations!$B15))*COS(RADIANS(Locations!$C15-Locations!$C4))))),0) -> 3692 | P4: =ROUND(3958.8*5280*ACOS(MIN(1,MAX(-1,SIN(RADIANS(Locations!$B4))*SIN(RADIANS(Locations!$B16))+COS(RADIANS(Locations!$B4))*COS(RADIANS(Locations!$B16))*COS(RADIANS(Locations!$C16-Locations!$C4))))),0) -> 3471 | Q4: =ROUND(3958.8*5280*ACOS(MIN(1,MAX(-1,SIN(RADIANS(Locations!$B4))*SIN(RADIANS(Locations!$B17))+COS(RADIANS(Locations!$B4))*COS(RADIANS(Locations!$B17))*COS(RADIANS(Locations!$C17-Locations!$C4))))),0) -> 3769 | R4: =ROUND(3958.8*5280*ACOS(MIN(1,MAX(-1,SIN(RADIANS(Locations!$B4))*SIN(RADIANS(Locations!$B18))+COS(RADIANS(Locations!$B4))*COS(RADIANS(Locations!$B18))*COS(RADIANS(Locations!$C18-Locations!$C4))))),0) -> 5134 | S4: =ROUND(3958.8*5280*ACOS(MIN(1,MAX(-1,SIN(RADIANS(Locations!$B4))*SIN(RADIANS(Locations!$B19))+COS(RADIANS(Locations!$B4))*COS(RADIANS(Locations!$B19))*COS(RADIANS(Locations!$C19-Locations!$C4))))),0) -> 5620 | T4: =ROUND(3958.8*5280*ACOS(MIN(1,MAX(-1,SIN(RADIANS(Locations!$B4))*SIN(RADIANS(Locations!$B20))+COS(RADIANS(Locations!$B4))*COS(RADIANS(Locations!$B20))*COS(RADIANS(Locations!$C20-Locations!$C4))))),0) -> 5192
A5: =Locations!A5 -> Ambrose | B5: =ROUND(3958.8*5280*ACOS(MIN(1,MAX(-1,SIN(RADIANS(Locations!$B5))*SIN(RADIANS(Locations!$B2))+COS(RADIANS(Locations!$B5))*COS(RADIANS(Locations!$B2))*COS(RADIANS(Locations!$C2-Locations!$C5))))),0) -> 832 | C5: =ROUND(3958.8*5280*ACOS(MIN(1,MAX(-1,SIN(RADIANS(Locations!$B5))*SIN(RADIANS(Locations!$B3))+COS(RADIANS(Locations!$B5))*COS(RADIANS(Locations!$B3))*COS(RADIANS(Locations!$C3-Locations!$C5))))),0) -> 489 | D5: =ROUND(3958.8*5280*ACOS(MIN(1,MAX(-1,SIN(RADIANS(Locations!$B5))*SIN(RADIANS(Locations!$B4))+COS(RADIANS(Locations!$B5))*COS(RADIANS(Locations!$B4))*COS(RADIANS(Locations!$C4-Locations!$C5))))),0) -> 951 | E5: =0 -> 0 | F5: =ROUND(3958.8*5280*ACOS(MIN(1,MAX(-1,SIN(RADIANS(Locations!$B5))*SIN(RADIANS(Locations!$B6))+COS(RADIANS(Locations!$B5))*COS(RADIANS(Locations!$B6))*COS(RADIANS(Locations!$C6-Locations!$C5))))),0) -> 1016 | G5: =ROUND(3958.8*5280*ACOS(MIN(1,MAX(-1,SIN(RADIANS(Locations!$B5))*SIN(RADIANS(Locations!$B7))+COS(RADIANS(Locations!$B5))*COS(RADIANS(Locations!$B7))*COS(RADIANS(Locations!$C7-Locations!$C5))))),0) -> 1554 | H5: =ROUND(3958.8*5280*ACOS(MIN(1,MAX(-1,SIN(RADIANS(Locations!$B5))*SIN(RADIANS(Locations!$B8))+COS(RADIANS(Locations!$B5))*COS(RADIANS(Locations!$B8))*COS(RADIANS(Locations!$C8-Locations!$C5))))),0) -> 1601 | I5: =ROUND(3958.8*5280*ACOS(MIN(1,MAX(-1,SIN(RADIANS(Locations!$B5))*SIN(RADIANS(Locations!$B9))+COS(RADIANS(Locations!$B5))*COS(RADIANS(Locations!$B9))*COS(RADIANS(Locations!$C9-Locations!$C5))))),0) -> 1017 | J5: =ROUND(3958.8*5280*ACOS(MIN(1,MAX(-1,SIN(RADIANS(Locations!$B5))*SIN(RADIANS(Locations!$B10))+COS(RADIANS(Locations!$B5))*COS(RADIANS(Locations!$B10))*COS(RADIANS(Locations!$C10-Locations!$C5))))),0) -> 740 | K5: =ROUND(3958.8*5280*ACOS(MIN(1,MAX(-1,SIN(RADIANS(Locations!$B5))*SIN(RADIANS(Locations!$B11))+COS(RADIANS(Locations!$B5))*COS(RADIANS(Locations!$B11))*COS(RADIANS(Locations!$C11-Locations!$C5))))),0) -> 2932 | L5: =ROUND(3958.8*5280*ACOS(MIN(1,MAX(-1,SIN(RADIANS(Locations!$B5))*SIN(RADIANS(Locations!$B12))+COS(RADIANS(Locations!$B5))*COS(RADIANS(Locations!$B12))*COS(RADIANS(Locations!$C12-Locations!$C5))))),0) -> 3033 | M5: =ROUND(3958.8*5280*ACOS(MIN(1,MAX(-1,SIN(RADIANS(Locations!$B5))*SIN(RADIANS(Locations!$B13))+COS(RADIANS(Locations!$B5))*COS(RADIANS(Locations!$B13))*COS(RADIANS(Locations!$C13-Locations!$C5))))),0) -> 1986 | N5: =ROUND(3958.8*5280*ACOS(MIN(1,MAX(-1,SIN(RADIANS(Locations!$B5))*SIN(RADIANS(Locations!$B14))+COS(RADIANS(Locations!$B5))*COS(RADIANS(Locations!$B14))*COS(RADIANS(Locations!$C14-Locations!$C5))))),0) -> 3484 | O5: =ROUND(3958.8*5280*ACOS(MIN(1,MAX(-1,SIN(RADIANS(Locations!$B5))*SIN(RADIANS(Locations!$B15))+COS(RADIANS(Locations!$B5))*COS(RADIANS(Locations!$B15))*COS(RADIANS(Locations!$C15-Locations!$C5))))),0) -> 2917 | P5: =ROUND(3958.8*5280*ACOS(MIN(1,MAX(-1,SIN(RADIANS(Locations!$B5))*SIN(RADIANS(Locations!$B16))+COS(RADIANS(Locations!$B5))*COS(RADIANS(Locations!$B16))*COS(RADIANS(Locations!$C16-Locations!$C5))))),0) -> 2651 | Q5: =ROUND(3958.8*5280*ACOS(MIN(1,MAX(-1,SIN(RADIANS(Locations!$B5))*SIN(RADIANS(Locations!$B17))+COS(RADIANS(Locations!$B5))*COS(RADIANS(Locations!$B17))*COS(RADIANS(Locations!$C17-Locations!$C5))))),0) -> 2938 | R5: =ROUND(3958.8*5280*ACOS(MIN(1,MAX(-1,SIN(RADIANS(Locations!$B5))*SIN(RADIANS(Locations!$B18))+COS(RADIANS(Locations!$B5))*COS(RADIANS(Locations!$B18))*COS(RADIANS(Locations!$C18-Locations!$C5))))),0) -> 4247 | S5: =ROUND(3958.8*5280*ACOS(MIN(1,MAX(-1,SIN(RADIANS(Locations!$B5))*SIN(RADIANS(Locations!$B19))+COS(RADIANS(Locations!$B5))*COS(RADIANS(Locations!$B19))*COS(RADIANS(Locations!$C19-Locations!$C5))))),0) -> 4781 | T5: =ROUND(3958.8*5280*ACOS(MIN(1,MAX(-1,SIN(RADIANS(Locations!$B5))*SIN(RADIANS(Locations!$B20))+COS(RADIANS(Locations!$B5))*COS(RADIANS(Locations!$B20))*COS(RADIANS(Locations!$C20-Locations!$C5))))),0) -> 4380
A6: =Locations!A6 -> Dartmouth Court | B6: =ROUND(3958.8*5280*ACOS(MIN(1,MAX(-1,SIN(RADIANS(Locations!$B6))*SIN(RADIANS(Locations!$B2))+COS(RADIANS(Locations!$B6))*COS(RADIANS(Locations!$B2))*COS(RADIANS(Locations!$C2-Locations!$C6))))),0) -> 220 | C6: =ROUND(3958.8*5280*ACOS(MIN(1,MAX(-1,SIN(RADIANS(Locations!$B6))*SIN(RADIANS(Locations!$B3))+COS(RADIANS(Locations!$B6))*COS(RADIANS(Locations!$B3))*COS(RADIANS(Locations!$C3-Locations!$C6))))),0) -> 538 | D6: =ROUND(3958.8*5280*ACOS(MIN(1,MAX(-1,SIN(RADIANS(Locations!$B6))*SIN(RADIANS(Locations!$B4))+COS(RADIANS(Locations!$B6))*COS(RADIANS(Locations!$B4))*COS(RADIANS(Locations!$C4-Locations!$C6))))),0) -> 765 | E6: =ROUND(3958.8*5280*ACOS(MIN(1,MAX(-1,SIN(RADIANS(Locations!$B6))*SIN(RADIANS(Locations!$B5))+COS(RADIANS(Locations!$B6))*COS(RADIANS(Locations!$B5))*COS(RADIANS(Locations!$C5-Locations!$C6))))),0) -> 1016 | F6: =0 -> 0 | G6: =ROUND(3958.8*5280*ACOS(MIN(1,MAX(-1,SIN(RADIANS(Locations!$B6))*SIN(RADIANS(Locations!$B7))+COS(RADIANS(Locations!$B6))*COS(RADIANS(Locations!$B7))*COS(RADIANS(Locations!$C7-Locations!$C6))))),0) -> 730 | H6: =ROUND(3958.8*5280*ACOS(MIN(1,MAX(-1,SIN(RADIANS(Locations!$B6))*SIN(RADIANS(Locations!$B8))+COS(RADIANS(Locations!$B6))*COS(RADIANS(Locations!$B8))*COS(RADIANS(Locations!$C8-Locations!$C6))))),0) -> 916 | I6: =ROUND(3958.8*5280*ACOS(MIN(1,MAX(-1,SIN(RADIANS(Locations!$B6))*SIN(RADIANS(Locations!$B9))+COS(RADIANS(Locations!$B6))*COS(RADIANS(Locations!$B9))*COS(RADIANS(Locations!$C9-Locations!$C6))))),0) -> 1074 | J6: =ROUND(3958.8*5280*ACOS(MIN(1,MAX(-1,SIN(RADIANS(Locations!$B6))*SIN(RADIANS(Locations!$B10))+COS(RADIANS(Locations!$B6))*COS(RADIANS(Locations!$B10))*COS(RADIANS(Locations!$C10-Locations!$C6))))),0) -> 714 | K6: =ROUND(3958.8*5280*ACOS(MIN(1,MAX(-1,SIN(RADIANS(Locations!$B6))*SIN(RADIANS(Locations!$B11))+COS(RADIANS(Locations!$B6))*COS(RADIANS(Locations!$B11))*COS(RADIANS(Locations!$C11-Locations!$C6))))),0) -> 2097 | L6: =ROUND(3958.8*5280*ACOS(MIN(1,MAX(-1,SIN(RADIANS(Locations!$B6))*SIN(RADIANS(Locations!$B12))+COS(RADIANS(Locations!$B6))*COS(RADIANS(Locations!$B12))*COS(RADIANS(Locations!$C12-Locations!$C6))))),0) -> 2384 | M6: =ROUND(3958.8*5280*ACOS(MIN(1,MAX(-1,SIN(RADIANS(Locations!$B6))*SIN(RADIANS(Locations!$B13))+COS(RADIANS(Locations!$B6))*COS(RADIANS(Locations!$B13))*COS(RADIANS(Locations!$C13-Locations!$C6))))),0) -> 1950 | N6: =ROUND(3958.8*5280*ACOS(MIN(1,MAX(-1,SIN(RADIANS(Locations!$B6))*SIN(RADIANS(Locations!$B14))+COS(RADIANS(Locations!$B6))*COS(RADIANS(Locations!$B14))*COS(RADIANS(Locations!$C14-Locations!$C6))))),0) -> 3446 | O6: =ROUND(3958.8*5280*ACOS(MIN(1,MAX(-1,SIN(RADIANS(Locations!$B6))*SIN(RADIANS(Locations!$B15))+COS(RADIANS(Locations!$B6))*COS(RADIANS(Locations!$B15))*COS(RADIANS(Locations!$C15-Locations!$C6))))),0) -> 3153 | P6: =ROUND(3958.8*5280*ACOS(MIN(1,MAX(-1,SIN(RADIANS(Locations!$B6))*SIN(RADIANS(Locations!$B16))+COS(RADIANS(Locations!$B6))*COS(RADIANS(Locations!$B16))*COS(RADIANS(Locations!$C16-Locations!$C6))))),0) -> 2986 | Q6: =ROUND(3958.8*5280*ACOS(MIN(1,MAX(-1,SIN(RADIANS(Locations!$B6))*SIN(RADIANS(Locations!$B17))+COS(RADIANS(Locations!$B6))*COS(RADIANS(Locations!$B17))*COS(RADIANS(Locations!$C17-Locations!$C6))))),0) -> 3287 | R6: =ROUND(3958.8*5280*ACOS(MIN(1,MAX(-1,SIN(RADIANS(Locations!$B6))*SIN(RADIANS(Locations!$B18))+COS(RADIANS(Locations!$B6))*COS(RADIANS(Locations!$B18))*COS(RADIANS(Locations!$C18-Locations!$C6))))),0) -> 4706 | S6: =ROUND(3958.8*5280*ACOS(MIN(1,MAX(-1,SIN(RADIANS(Locations!$B6))*SIN(RADIANS(Locations!$B19))+COS(RADIANS(Locations!$B6))*COS(RADIANS(Locations!$B19))*COS(RADIANS(Locations!$C19-Locations!$C6))))),0) -> 5119 | T6: =ROUND(3958.8*5280*ACOS(MIN(1,MAX(-1,SIN(RADIANS(Locations!$B6))*SIN(RADIANS(Locations!$B20))+COS(RADIANS(Locations!$B6))*COS(RADIANS(Locations!$B20))*COS(RADIANS(Locations!$C20-Locations!$C6))))),0) -> 4664
A7: =Locations!A7 -> Columbia Court | B7: =ROUND(3958.8*5280*ACOS(MIN(1,MAX(-1,SIN(RADIANS(Locations!$B7))*SIN(RADIANS(Locations!$B2))+COS(RADIANS(Locations!$B7))*COS(RADIANS(Locations!$B2))*COS(RADIANS(Locations!$C2-Locations!$C7))))),0) -> 933 | C7: =ROUND(3958.8*5280*ACOS(MIN(1,MAX(-1,SIN(RADIANS(Locations!$B7))*SIN(RADIANS(Locations!$B3))+COS(RADIANS(Locations!$B7))*COS(RADIANS(Locations!$B3))*COS(RADIANS(Locations!$C3-Locations!$C7))))),0) -> 1163 | D7: =ROUND(3958.8*5280*ACOS(MIN(1,MAX(-1,SIN(RADIANS(Locations!$B7))*SIN(RADIANS(Locations!$B4))+COS(RADIANS(Locations!$B7))*COS(RADIANS(Locations!$B4))*COS(RADIANS(Locations!$C4-Locations!$C7))))),0) -> 1491 | E7: =ROUND(3958.8*5280*ACOS(MIN(1,MAX(-1,SIN(RADIANS(Locations!$B7))*SIN(RADIANS(Locations!$B5))+COS(RADIANS(Locations!$B7))*COS(RADIANS(Locations!$B5))*COS(RADIANS(Locations!$C5-Locations!$C7))))),0) -> 1554 | F7: =ROUND(3958.8*5280*ACOS(MIN(1,MAX(-1,SIN(RADIANS(Locations!$B7))*SIN(RADIANS(Locations!$B6))+COS(RADIANS(Locations!$B7))*COS(RADIANS(Locations!$B6))*COS(RADIANS(Locations!$C6-Locations!$C7))))),0) -> 730 | G7: =0 -> 0 | H7: =ROUND(3958.8*5280*ACOS(MIN(1,MAX(-1,SIN(RADIANS(Locations!$B7))*SIN(RADIANS(Locations!$B8))+COS(RADIANS(Locations!$B7))*COS(RADIANS(Locations!$B8))*COS(RADIANS(Locations!$C8-Locations!$C7))))),0) -> 265 | I7: =ROUND(3958.8*5280*ACOS(MIN(1,MAX(-1,SIN(RADIANS(Locations!$B7))*SIN(RADIANS(Locations!$B9))+COS(RADIANS(Locations!$B7))*COS(RADIANS(Locations!$B9))*COS(RADIANS(Locations!$C9-Locations!$C7))))),0) -> 1033 | J7: =ROUND(3958.8*5280*ACOS(MIN(1,MAX(-1,SIN(RADIANS(Locations!$B7))*SIN(RADIANS(Locations!$B10))+COS(RADIANS(Locations!$B7))*COS(RADIANS(Locations!$B10))*COS(RADIANS(Locations!$C10-Locations!$C7))))),0) -> 910 | K7: =ROUND(3958.8*5280*ACOS(MIN(1,MAX(-1,SIN(RADIANS(Locations!$B7))*SIN(RADIANS(Locations!$B11))+COS(RADIANS(Locations!$B7))*COS(RADIANS(Locations!$B11))*COS(RADIANS(Locations!$C11-Locations!$C7))))),0) -> 2304 | L7: =ROUND(3958.8*5280*ACOS(MIN(1,MAX(-1,SIN(RADIANS(Locations!$B7))*SIN(RADIANS(Locations!$B12))+COS(RADIANS(Locations!$B7))*COS(RADIANS(Locations!$B12))*COS(RADIANS(Locations!$C12-Locations!$C7))))),0) -> 1657 | M7: =ROUND(3958.8*5280*ACOS(MIN(1,MAX(-1,SIN(RADIANS(Locations!$B7))*SIN(RADIANS(Locations!$B13))+COS(RADIANS(Locations!$B7))*COS(RADIANS(Locations!$B13))*COS(RADIANS(Locations!$C13-Locations!$C7))))),0) -> 1558 | N7: =ROUND(3958.8*5280*ACOS(MIN(1,MAX(-1,SIN(RADIANS(Locations!$B7))*SIN(RADIANS(Locations!$B14))+COS(RADIANS(Locations!$B7))*COS(RADIANS(Locations!$B14))*COS(RADIANS(Locations!$C14-Locations!$C7))))),0) -> 2936 | O7: =ROUND(3958.8*5280*ACOS(MIN(1,MAX(-1,SIN(RADIANS(Locations!$B7))*SIN(RADIANS(Locations!$B15))+COS(RADIANS(Locations!$B7))*COS(RADIANS(Locations!$B15))*COS(RADIANS(Locations!$C15-Locations!$C7))))),0) -> 2829 | P7: =ROUND(3958.8*5280*ACOS(MIN(1,MAX(-1,SIN(RADIANS(Locations!$B7))*SIN(RADIANS(Locations!$B16))+COS(RADIANS(Locations!$B7))*COS(RADIANS(Locations!$B16))*COS(RADIANS(Locations!$C16-Locations!$C7))))),0) -> 2742 | Q7: =ROUND(3958.8*5280*ACOS(MIN(1,MAX(-1,SIN(RADIANS(Locations!$B7))*SIN(RADIANS(Locations!$B17))+COS(RADIANS(Locations!$B7))*COS(RADIANS(Locations!$B17))*COS(RADIANS(Locations!$C17-Locations!$C7))))),0) -> 3035 | R7: =ROUND(3958.8*5280*ACOS(MIN(1,MAX(-1,SIN(RADIANS(Locations!$B7))*SIN(RADIANS(Locations!$B18))+COS(RADIANS(Locations!$B7))*COS(RADIANS(Locations!$B18))*COS(RADIANS(Locations!$C18-Locations!$C7))))),0) -> 4477 | S7: =ROUND(3958.8*5280*ACOS(MIN(1,MAX(-1,SIN(RADIANS(Locations!$B7))*SIN(RADIANS(Locations!$B19))+COS(RADIANS(Locations!$B7))*COS(RADIANS(Locations!$B19))*COS(RADIANS(Locations!$C19-Locations!$C7))))),0) -> 4795 | T7: =ROUND(3958.8*5280*ACOS(MIN(1,MAX(-1,SIN(RADIANS(Locations!$B7))*SIN(RADIANS(Locations!$B20))+COS(RADIANS(Locations!$B7))*COS(RADIANS(Locations!$B20))*COS(RADIANS(Locations!$C20-Locations!$C7))))),0) -> 4314
A8: =Locations!A8 -> Berkeley Court | B8: =ROUND(3958.8*5280*ACOS(MIN(1,MAX(-1,SIN(RADIANS(Locations!$B8))*SIN(RADIANS(Locations!$B2))+COS(RADIANS(Locations!$B8))*COS(RADIANS(Locations!$B2))*COS(RADIANS(Locations!$C2-Locations!$C8))))),0) -> 1096 | C8: =ROUND(3958.8*5280*ACOS(MIN(1,MAX(-1,SIN(RADIANS(Locations!$B8))*SIN(RADIANS(Locations!$B3))+COS(RADIANS(Locations!$B8))*COS(RADIANS(Locations!$B3))*COS(RADIANS(Locations!$C3-Locations!$C8))))),0) -> 1271 | D8: =ROUND(3958.8*5280*ACOS(MIN(1,MAX(-1,SIN(RADIANS(Locations!$B8))*SIN(RADIANS(Locations!$B4))+COS(RADIANS(Locations!$B8))*COS(RADIANS(Locations!$B4))*COS(RADIANS(Locations!$C4-Locations!$C8))))),0) -> 1679 | E8: =ROUND(3958.8*5280*ACOS(MIN(1,MAX(-1,SIN(RADIANS(Locations!$B8))*SIN(RADIANS(Locations!$B5))+COS(RADIANS(Locations!$B8))*COS(RADIANS(Locations!$B5))*COS(RADIANS(Locations!$C5-Locations!$C8))))),0) -> 1601 | F8: =ROUND(3958.8*5280*ACOS(MIN(1,MAX(-1,SIN(RADIANS(Locations!$B8))*SIN(RADIANS(Locations!$B6))+COS(RADIANS(Locations!$B8))*COS(RADIANS(Locations!$B6))*COS(RADIANS(Locations!$C6-Locations!$C8))))),0) -> 916 | G8: =ROUND(3958.8*5280*ACOS(MIN(1,MAX(-1,SIN(RADIANS(Locations!$B8))*SIN(RADIANS(Locations!$B7))+COS(RADIANS(Locations!$B8))*COS(RADIANS(Locations!$B7))*COS(RADIANS(Locations!$C7-Locations!$C8))))),0) -> 265 | H8: =0 -> 0 | I8: =ROUND(3958.8*5280*ACOS(MIN(1,MAX(-1,SIN(RADIANS(Locations!$B8))*SIN(RADIANS(Locations!$B9))+COS(RADIANS(Locations!$B8))*COS(RADIANS(Locations!$B9))*COS(RADIANS(Locations!$C9-Locations!$C8))))),0) -> 909 | J8: =ROUND(3958.8*5280*ACOS(MIN(1,MAX(-1,SIN(RADIANS(Locations!$B8))*SIN(RADIANS(Locations!$B10))+COS(RADIANS(Locations!$B8))*COS(RADIANS(Locations!$B10))*COS(RADIANS(Locations!$C10-Locations!$C8))))),0) -> 893 | K8: =ROUND(3958.8*5280*ACOS(MIN(1,MAX(-1,SIN(RADIANS(Locations!$B8))*SIN(RADIANS(Locations!$B11))+COS(RADIANS(Locations!$B8))*COS(RADIANS(Locations!$B11))*COS(RADIANS(Locations!$C11-Locations!$C8))))),0) -> 2563 | L8: =ROUND(3958.8*5280*ACOS(MIN(1,MAX(-1,SIN(RADIANS(Locations!$B8))*SIN(RADIANS(Locations!$B12))+COS(RADIANS(Locations!$B8))*COS(RADIANS(Locations!$B12))*COS(RADIANS(Locations!$C12-Locations!$C8))))),0) -> 1486 | M8: =ROUND(3958.8*5280*ACOS(MIN(1,MAX(-1,SIN(RADIANS(Locations!$B8))*SIN(RADIANS(Locations!$B13))+COS(RADIANS(Locations!$B8))*COS(RADIANS(Locations!$B13))*COS(RADIANS(Locations!$C13-Locations!$C8))))),0) -> 1306 | N8: =ROUND(3958.8*5280*ACOS(MIN(1,MAX(-1,SIN(RADIANS(Locations!$B8))*SIN(RADIANS(Locations!$B14))+COS(RADIANS(Locations!$B8))*COS(RADIANS(Locations!$B14))*COS(RADIANS(Locations!$C14-Locations!$C8))))),0) -> 2672 | O8: =ROUND(3958.8*5280*ACOS(MIN(1,MAX(-1,SIN(RADIANS(Locations!$B8))*SIN(RADIANS(Locations!$B15))+COS(RADIANS(Locations!$B8))*COS(RADIANS(Locations!$B15))*COS(RADIANS(Locations!$C15-Locations!$C8))))),0) -> 2578 | P8: =ROUND(3958.8*5280*ACOS(MIN(1,MAX(-1,SIN(RADIANS(Locations!$B8))*SIN(RADIANS(Locations!$B16))+COS(RADIANS(Locations!$B8))*COS(RADIANS(Locations!$B16))*COS(RADIANS(Locations!$C16-Locations!$C8))))),0) -> 2505 | Q8: =ROUND(3958.8*5280*ACOS(MIN(1,MAX(-1,SIN(RADIANS(Locations!$B8))*SIN(RADIANS(Locations!$B17))+COS(RADIANS(Locations!$B8))*COS(RADIANS(Locations!$B17))*COS(RADIANS(Locations!$C17-Locations!$C8))))),0) -> 2795 | R8: =ROUND(3958.8*5280*ACOS(MIN(1,MAX(-1,SIN(RADIANS(Locations!$B8))*SIN(RADIANS(Locations!$B18))+COS(RADIANS(Locations!$B8))*COS(RADIANS(Locations!$B18))*COS(RADIANS(Locations!$C18-Locations!$C8))))),0) -> 4237 | S8: =ROUND(3958.8*5280*ACOS(MIN(1,MAX(-1,SIN(RADIANS(Locations!$B8))*SIN(RADIANS(Locations!$B19))+COS(RADIANS(Locations!$B8))*COS(RADIANS(Locations!$B19))*COS(RADIANS(Locations!$C19-Locations!$C8))))),0) -> 4540 | T8: =ROUND(3958.8*5280*ACOS(MIN(1,MAX(-1,SIN(RADIANS(Locations!$B8))*SIN(RADIANS(Locations!$B20))+COS(RADIANS(Locations!$B8))*COS(RADIANS(Locations!$B20))*COS(RADIANS(Locations!$C20-Locations!$C8))))),0) -> 4057
A9: =Locations!A9 -> Harvard Court | B9: =ROUND(3958.8*5280*ACOS(MIN(1,MAX(-1,SIN(RADIANS(Locations!$B9))*SIN(RADIANS(Locations!$B2))+COS(RADIANS(Locations!$B9))*COS(RADIANS(Locations!$B2))*COS(RADIANS(Locations!$C2-Locations!$C9))))),0) -> 1087 | C9: =ROUND(3958.8*5280*ACOS(MIN(1,MAX(-1,SIN(RADIANS(Locations!$B9))*SIN(RADIANS(Locations!$B3))+COS(RADIANS(Locations!$B9))*COS(RADIANS(Locations!$B3))*COS(RADIANS(Locations!$C3-Locations!$C9))))),0) -> 986 | D9: =ROUND(3958.8*5280*ACOS(MIN(1,MAX(-1,SIN(RADIANS(Locations!$B9))*SIN(RADIANS(Locations!$B4))+COS(RADIANS(Locations!$B9))*COS(RADIANS(Locations!$B4))*COS(RADIANS(Locations!$C4-Locations!$C9))))),0) -> 1606 | E9: =ROUND(3958.8*5280*ACOS(MIN(1,MAX(-1,SIN(RADIANS(Locations!$B9))*SIN(RADIANS(Locations!$B5))+COS(RADIANS(Locations!$B9))*COS(RADIANS(Locations!$B5))*COS(RADIANS(Locations!$C5-Locations!$C9))))),0) -> 1017 | F9: =ROUND(3958.8*5280*ACOS(MIN(1,MAX(-1,SIN(RADIANS(Locations!$B9))*SIN(RADIANS(Locations!$B6))+COS(RADIANS(Locations!$B9))*COS(RADIANS(Locations!$B6))*COS(RADIANS(Locations!$C6-Locations!$C9))))),0) -> 1074 | G9: =ROUND(3958.8*5280*ACOS(MIN(1,MAX(-1,SIN(RADIANS(Locations!$B9))*SIN(RADIANS(Locations!$B7))+COS(RADIANS(Locations!$B9))*COS(RADIANS(Locations!$B7))*COS(RADIANS(Locations!$C7-Locations!$C9))))),0) -> 1033 | H9: =ROUND(3958.8*5280*ACOS(MIN(1,MAX(-1,SIN(RADIANS(Locations!$B9))*SIN(RADIANS(Locations!$B8))+COS(RADIANS(Locations!$B9))*COS(RADIANS(Locations!$B8))*COS(RADIANS(Locations!$C8-Locations!$C9))))),0) -> 909 | I9: =0 -> 0 | J9: =ROUND(3958.8*5280*ACOS(MIN(1,MAX(-1,SIN(RADIANS(Locations!$B9))*SIN(RADIANS(Locations!$B10))+COS(RADIANS(Locations!$B9))*COS(RADIANS(Locations!$B10))*COS(RADIANS(Locations!$C10-Locations!$C9))))),0) -> 400 | K9: =ROUND(3958.8*5280*ACOS(MIN(1,MAX(-1,SIN(RADIANS(Locations!$B9))*SIN(RADIANS(Locations!$B11))+COS(RADIANS(Locations!$B9))*COS(RADIANS(Locations!$B11))*COS(RADIANS(Locations!$C11-Locations!$C9))))),0) -> 3143 | L9: =ROUND(3958.8*5280*ACOS(MIN(1,MAX(-1,SIN(RADIANS(Locations!$B9))*SIN(RADIANS(Locations!$B12))+COS(RADIANS(Locations!$B9))*COS(RADIANS(Locations!$B12))*COS(RADIANS(Locations!$C12-Locations!$C9))))),0) -> 2118 | M9: =ROUND(3958.8*5280*ACOS(MIN(1,MAX(-1,SIN(RADIANS(Locations!$B9))*SIN(RADIANS(Locations!$B13))+COS(RADIANS(Locations!$B9))*COS(RADIANS(Locations!$B13))*COS(RADIANS(Locations!$C13-Locations!$C9))))),0) -> 996 | N9: =ROUND(3958.8*5280*ACOS(MIN(1,MAX(-1,SIN(RADIANS(Locations!$B9))*SIN(RADIANS(Locations!$B14))+COS(RADIANS(Locations!$B9))*COS(RADIANS(Locations!$B14))*COS(RADIANS(Locations!$C14-Locations!$C9))))),0) -> 2520 | O9: =ROUND(3958.8*5280*ACOS(MIN(1,MAX(-1,SIN(RADIANS(Locations!$B9))*SIN(RADIANS(Locations!$B15))+COS(RADIANS(Locations!$B9))*COS(RADIANS(Locations!$B15))*COS(RADIANS(Locations!$C15-Locations!$C9))))),0) -> 2100 | P9: =ROUND(3958.8*5280*ACOS(MIN(1,MAX(-1,SIN(RADIANS(Locations!$B9))*SIN(RADIANS(Locations!$B16))+COS(RADIANS(Locations!$B9))*COS(RADIANS(Locations!$B16))*COS(RADIANS(Locations!$C16-Locations!$C9))))),0) -> 1914 | Q9: =ROUND(3958.8*5280*ACOS(MIN(1,MAX(-1,SIN(RADIANS(Locations!$B9))*SIN(RADIANS(Locations!$B17))+COS(RADIANS(Locations!$B9))*COS(RADIANS(Locations!$B17))*COS(RADIANS(Locations!$C17-Locations!$C9))))),0) -> 2216 | R9: =ROUND(3958.8*5280*ACOS(MIN(1,MAX(-1,SIN(RADIANS(Locations!$B9))*SIN(RADIANS(Locations!$B18))+COS(RADIANS(Locations!$B9))*COS(RADIANS(Locations!$B18))*COS(RADIANS(Locations!$C18-Locations!$C9))))),0) -> 3632 | S9: =ROUND(3958.8*5280*ACOS(MIN(1,MAX(-1,SIN(RADIANS(Locations!$B9))*SIN(RADIANS(Locations!$B19))+COS(RADIANS(Locations!$B9))*COS(RADIANS(Locations!$B19))*COS(RADIANS(Locations!$C19-Locations!$C9))))),0) -> 4055 | T9: =ROUND(3958.8*5280*ACOS(MIN(1,MAX(-1,SIN(RADIANS(Locations!$B9))*SIN(RADIANS(Locations!$B20))+COS(RADIANS(Locations!$B9))*COS(RADIANS(Locations!$B20))*COS(RADIANS(Locations!$C20-Locations!$C9))))),0) -> 3609
A10: =Locations!A10 -> Cornell Court | B10: =ROUND(3958.8*5280*ACOS(MIN(1,MAX(-1,SIN(RADIANS(Locations!$B10))*SIN(RADIANS(Locations!$B2))+COS(RADIANS(Locations!$B10))*COS(RADIANS(Locations!$B2))*COS(RADIANS(Locations!$C2-Locations!$C10))))),0) -> 694 | C10: =ROUND(3958.8*5280*ACOS(MIN(1,MAX(-1,SIN(RADIANS(Locations!$B10))*SIN(RADIANS(Locations!$B3))+COS(RADIANS(Locations!$B10))*COS(RADIANS(Locations!$B3))*COS(RADIANS(Locations!$C3-Locations!$C10))))),0) -> 594 | D10: =ROUND(3958.8*5280*ACOS(MIN(1,MAX(-1,SIN(RADIANS(Locations!$B10))*SIN(RADIANS(Locations!$B4))+COS(RADIANS(Locations!$B10))*COS(RADIANS(Locations!$B4))*COS(RADIANS(Locations!$C4-Locations!$C10))))),0) -> 1207 | E10: =ROUND(3958.8*5280*ACOS(MIN(1,MAX(-1,SIN(RADIANS(Locations!$B10))*SIN(RADIANS(Locations!$B5))+COS(RADIANS(Locations!$B10))*COS(RADIANS(Locations!$B5))*COS(RADIANS(Locations!$C5-Locations!$C10))))),0) -> 740 | F10: =ROUND(3958.8*5280*ACOS(MIN(1,MAX(-1,SIN(RADIANS(Locations!$B10))*SIN(RADIANS(Locations!$B6))+COS(RADIANS(Locations!$B10))*COS(RADIANS(Locations!$B6))*COS(RADIANS(Locations!$C6-Locations!$C10))))),0) -> 714 | G10: =ROUND(3958.8*5280*ACOS(MIN(1,MAX(-1,SIN(RADIANS(Locations!$B10))*SIN(RADIANS(Locations!$B7))+COS(RADIANS(Locations!$B10))*COS(RADIANS(Locations!$B7))*COS(RADIANS(Locations!$C7-Locations!$C10))))),0) -> 910 | H10: =ROUND(3958.8*5280*ACOS(MIN(1,MAX(-1,SIN(RADIANS(Locations!$B10))*SIN(RADIANS(Locations!$B8))+COS(RADIANS(Locations!$B10))*COS(RADIANS(Locations!$B8))*COS(RADIANS(Locations!$C8-Locations!$C10))))),0) -> 893 | I10: =ROUND(3958.8*5280*ACOS(MIN(1,MAX(-1,SIN(RADIANS(Locations!$B10))*SIN(RADIANS(Locations!$B9))+COS(RADIANS(Locations!$B10))*COS(RADIANS(Locations!$B9))*COS(RADIANS(Locations!$C9-Locations!$C10))))),0) -> 400 | J10: =0 -> 0 | K10: =ROUND(3958.8*5280*ACOS(MIN(1,MAX(-1,SIN(RADIANS(Locations!$B10))*SIN(RADIANS(Locations!$B11))+COS(RADIANS(Locations!$B10))*COS(RADIANS(Locations!$B11))*COS(RADIANS(Locations!$C11-Locations!$C10))))),0) -> 2808 | L10: =ROUND(3958.8*5280*ACOS(MIN(1,MAX(-1,SIN(RADIANS(Locations!$B10))*SIN(RADIANS(Locations!$B12))+COS(RADIANS(Locations!$B10))*COS(RADIANS(Locations!$B12))*COS(RADIANS(Locations!$C12-Locations!$C10))))),0) -> 2293 | M10: =ROUND(3958.8*5280*ACOS(MIN(1,MAX(-1,SIN(RADIANS(Locations!$B10))*SIN(RADIANS(Locations!$B13))+COS(RADIANS(Locations!$B10))*COS(RADIANS(Locations!$B13))*COS(RADIANS(Locations!$C13-Locations!$C10))))),0) -> 1381 | N10: =ROUND(3958.8*5280*ACOS(MIN(1,MAX(-1,SIN(RADIANS(Locations!$B10))*SIN(RADIANS(Locations!$B14))+COS(RADIANS(Locations!$B10))*COS(RADIANS(Locations!$B14))*COS(RADIANS(Locations!$C14-Locations!$C10))))),0) -> 2907 | O10: =ROUND(3958.8*5280*ACOS(MIN(1,MAX(-1,SIN(RADIANS(Locations!$B10))*SIN(RADIANS(Locations!$B15))+COS(RADIANS(Locations!$B10))*COS(RADIANS(Locations!$B15))*COS(RADIANS(Locations!$C15-Locations!$C10))))),0) -> 2498 | P10: =ROUND(3958.8*5280*ACOS(MIN(1,MAX(-1,SIN(RADIANS(Locations!$B10))*SIN(RADIANS(Locations!$B16))+COS(RADIANS(Locations!$B10))*COS(RADIANS(Locations!$B16))*COS(RADIANS(Locations!$C16-Locations!$C10))))),0) -> 2302 | Q10: =ROUND(3958.8*5280*ACOS(MIN(1,MAX(-1,SIN(RADIANS(Locations!$B10))*SIN(RADIANS(Locations!$B17))+COS(RADIANS(Locations!$B10))*COS(RADIANS(Locations!$B17))*COS(RADIANS(Locations!$C17-Locations!$C10))))),0) -> 2603 | R10: =ROUND(3958.8*5280*ACOS(MIN(1,MAX(-1,SIN(RADIANS(Locations!$B10))*SIN(RADIANS(Locations!$B18))+COS(RADIANS(Locations!$B10))*COS(RADIANS(Locations!$B18))*COS(RADIANS(Locations!$C18-Locations!$C10))))),0) -> 4007 | S10: =ROUND(3958.8*5280*ACOS(MIN(1,MAX(-1,SIN(RADIANS(Locations!$B10))*SIN(RADIANS(Locations!$B19))+COS(RADIANS(Locations!$B10))*COS(RADIANS(Locations!$B19))*COS(RADIANS(Locations!$C19-Locations!$C10))))),0) -> 4448 | T10: =ROUND(3958.8*5280*ACOS(MIN(1,MAX(-1,SIN(RADIANS(Locations!$B10))*SIN(RADIANS(Locations!$B20))+COS(RADIANS(Locations!$B10))*COS(RADIANS(Locations!$B20))*COS(RADIANS(Locations!$C20-Locations!$C10))))),0) -> 4006
A11: =Locations!A11 -> Mesa Court | B11: =ROUND(3958.8*5280*ACOS(MIN(1,MAX(-1,SIN(RADIANS(Locations!$B11))*SIN(RADIANS(Locations!$B2))+COS(RADIANS(Locations!$B11))*COS(RADIANS(Locations!$B2))*COS(RADIANS(Locations!$C2-Locations!$C11))))),0) -> 2177 | C11: =ROUND(3958.8*5280*ACOS(MIN(1,MAX(-1,SIN(RADIANS(Locations!$B11))*SIN(RADIANS(Locations!$B3))+COS(RADIANS(Locations!$B11))*COS(RADIANS(Locations!$B3))*COS(RADIANS(Locations!$C3-Locations!$C11))))),0) -> 2478 | D11: =ROUND(3958.8*5280*ACOS(MIN(1,MAX(-1,SIN(RADIANS(Locations!$B11))*SIN(RADIANS(Locations!$B4))+COS(RADIANS(Locations!$B11))*COS(RADIANS(Locations!$B4))*COS(RADIANS(Locations!$C4-Locations!$C11))))),0) -> 2041 | E11: =ROUND(3958.8*5280*ACOS(MIN(1,MAX(-1,SIN(RADIANS(Locations!$B11))*SIN(RADIANS(Locations!$B5))+COS(RADIANS(Locations!$B11))*COS(RADIANS(Locations!$B5))*COS(RADIANS(Locations!$C5-Locations!$C11))))),0) -> 2932 | F11: =ROUND(3958.8*5280*ACOS(MIN(1,MAX(-1,SIN(RADIANS(Locations!$B11))*SIN(RADIANS(Locations!$B6))+COS(RADIANS(Locations!$B11))*COS(RADIANS(Locations!$B6))*COS(RADIANS(Locations!$C6-Locations!$C11))))),0) -> 2097 | G11: =ROUND(3958.8*5280*ACOS(MIN(1,MAX(-1,SIN(RADIANS(Locations!$B11))*SIN(RADIANS(Locations!$B7))+COS(RADIANS(Locations!$B11))*COS(RADIANS(Locations!$B7))*COS(RADIANS(Locations!$C7-Locations!$C11))))),0) -> 2304 | H11: =ROUND(3958.8*5280*ACOS(MIN(1,MAX(-1,SIN(RADIANS(Locations!$B11))*SIN(RADIANS(Locations!$B8))+COS(RADIANS(Locations!$B11))*COS(RADIANS(Locations!$B8))*COS(RADIANS(Locations!$C8-Locations!$C11))))),0) -> 2563 | I11: =ROUND(3958.8*5280*ACOS(MIN(1,MAX(-1,SIN(RADIANS(Locations!$B11))*SIN(RADIANS(Locations!$B9))+COS(RADIANS(Locations!$B11))*COS(RADIANS(Locations!$B9))*COS(RADIANS(Locations!$C9-Locations!$C11))))),0) -> 3143 | J11: =ROUND(3958.8*5280*ACOS(MIN(1,MAX(-1,SIN(RADIANS(Locations!$B11))*SIN(RADIANS(Locations!$B10))+COS(RADIANS(Locations!$B11))*COS(RADIANS(Locations!$B10))*COS(RADIANS(Locations!$C10-Locations!$C11))))),0) -> 2808 | K11: =0 -> 0 | L11: =ROUND(3958.8*5280*ACOS(MIN(1,MAX(-1,SIN(RADIANS(Locations!$B11))*SIN(RADIANS(Locations!$B12))+COS(RADIANS(Locations!$B11))*COS(RADIANS(Locations!$B12))*COS(RADIANS(Locations!$C12-Locations!$C11))))),0) -> 3467 | M11: =ROUND(3958.8*5280*ACOS(MIN(1,MAX(-1,SIN(RADIANS(Locations!$B11))*SIN(RADIANS(Locations!$B13))+COS(RADIANS(Locations!$B11))*COS(RADIANS(Locations!$B13))*COS(RADIANS(Locations!$C13-Locations!$C11))))),0) -> 3859 | N11: =ROUND(3958.8*5280*ACOS(MIN(1,MAX(-1,SIN(RADIANS(Locations!$B11))*SIN(RADIANS(Locations!$B14))+COS(RADIANS(Locations!$B11))*COS(RADIANS(Locations!$B14))*COS(RADIANS(Locations!$C14-Locations!$C11))))),0) -> 5202 | O11: =ROUND(3958.8*5280*ACOS(MIN(1,MAX(-1,SIN(RADIANS(Locations!$B11))*SIN(RADIANS(Locations!$B15))+COS(RADIANS(Locations!$B11))*COS(RADIANS(Locations!$B15))*COS(RADIANS(Locations!$C15-Locations!$C11))))),0) -> 5126 | P11: =ROUND(3958.8*5280*ACOS(MIN(1,MAX(-1,SIN(RADIANS(Locations!$B11))*SIN(RADIANS(Locations!$B16))+COS(RADIANS(Locations!$B11))*COS(RADIANS(Locations!$B16))*COS(RADIANS(Locations!$C16-Locations!$C11))))),0) -> 5014 | Q11: =ROUND(3958.8*5280*ACOS(MIN(1,MAX(-1,SIN(RADIANS(Locations!$B11))*SIN(RADIANS(Locations!$B17))+COS(RADIANS(Locations!$B11))*COS(RADIANS(Locations!$B17))*COS(RADIANS(Locations!$C17-Locations!$C11))))),0) -> 5312 | R11: =ROUND(3958.8*5280*ACOS(MIN(1,MAX(-1,SIN(RADIANS(Locations!$B11))*SIN(RADIANS(Locations!$B18))+COS(RADIANS(Locations!$B11))*COS(RADIANS(Locations!$B18))*COS(RADIANS(Locations!$C18-Locations!$C11))))),0) -> 6750 | S11: =ROUND(3958.8*5280*ACOS(MIN(1,MAX(-1,SIN(RADIANS(Locations!$B11))*SIN(RADIANS(Locations!$B19))+COS(RADIANS(Locations!$B11))*COS(RADIANS(Locations!$B19))*COS(RADIANS(Locations!$C19-Locations!$C11))))),0) -> 7097 | T11: =ROUND(3958.8*5280*ACOS(MIN(1,MAX(-1,SIN(RADIANS(Locations!$B11))*SIN(RADIANS(Locations!$B20))+COS(RADIANS(Locations!$B11))*COS(RADIANS(Locations!$B20))*COS(RADIANS(Locations!$C20-Locations!$C11))))),0) -> 6617
A12: =Locations!A12 -> Middle Earth | B12: =ROUND(3958.8*5280*ACOS(MIN(1,MAX(-1,SIN(RADIANS(Locations!$B12))*SIN(RADIANS(Locations!$B2))+COS(RADIANS(Locations!$B12))*COS(RADIANS(Locations!$B2))*COS(RADIANS(Locations!$C2-Locations!$C12))))),0) -> 2577 | C12: =ROUND(3958.8*5280*ACOS(MIN(1,MAX(-1,SIN(RADIANS(Locations!$B12))*SIN(RADIANS(Locations!$B3))+COS(RADIANS(Locations!$B12))*COS(RADIANS(Locations!$B3))*COS(RADIANS(Locations!$C3-Locations!$C12))))),0) -> 2752 | D12: =ROUND(3958.8*5280*ACOS(MIN(1,MAX(-1,SIN(RADIANS(Locations!$B12))*SIN(RADIANS(Locations!$B4))+COS(RADIANS(Locations!$B12))*COS(RADIANS(Locations!$B4))*COS(RADIANS(Locations!$C4-Locations!$C12))))),0) -> 3147 | E12: =ROUND(3958.8*5280*ACOS(MIN(1,MAX(-1,SIN(RADIANS(Locations!$B12))*SIN(RADIANS(Locations!$B5))+COS(RADIANS(Locations!$B12))*COS(RADIANS(Locations!$B5))*COS(RADIANS(Locations!$C5-Locations!$C12))))),0) -> 3033 | F12: =ROUND(3958.8*5280*ACOS(MIN(1,MAX(-1,SIN(RADIANS(Locations!$B12))*SIN(RADIANS(Locations!$B6))+COS(RADIANS(Locations!$B12))*COS(RADIANS(Locations!$B6))*COS(RADIANS(Locations!$C6-Locations!$C12))))),0) -> 2384 | G12: =ROUND(3958.8*5280*ACOS(MIN(1,MAX(-1,SIN(RADIANS(Locations!$B12))*SIN(RADIANS(Locations!$B7))+COS(RADIANS(Locations!$B12))*COS(RADIANS(Locations!$B7))*COS(RADIANS(Locations!$C7-Locations!$C12))))),0) -> 1657 | H12: =ROUND(3958.8*5280*ACOS(MIN(1,MAX(-1,SIN(RADIANS(Locations!$B12))*SIN(RADIANS(Locations!$B8))+COS(RADIANS(Locations!$B12))*COS(RADIANS(Locations!$B8))*COS(RADIANS(Locations!$C8-Locations!$C12))))),0) -> 1486 | I12: =ROUND(3958.8*5280*ACOS(MIN(1,MAX(-1,SIN(RADIANS(Locations!$B12))*SIN(RADIANS(Locations!$B9))+COS(RADIANS(Locations!$B12))*COS(RADIANS(Locations!$B9))*COS(RADIANS(Locations!$C9-Locations!$C12))))),0) -> 2118 | J12: =ROUND(3958.8*5280*ACOS(MIN(1,MAX(-1,SIN(RADIANS(Locations!$B12))*SIN(RADIANS(Locations!$B10))+COS(RADIANS(Locations!$B12))*COS(RADIANS(Locations!$B10))*COS(RADIANS(Locations!$C10-Locations!$C12))))),0) -> 2293 | K12: =ROUND(3958.8*5280*ACOS(MIN(1,MAX(-1,SIN(RADIANS(Locations!$B12))*SIN(RADIANS(Locations!$B11))+COS(RADIANS(Locations!$B12))*COS(RADIANS(Locations!$B11))*COS(RADIANS(Locations!$C11-Locations!$C12))))),0) -> 3467 | L12: =0 -> 0 | M12: =ROUND(3958.8*5280*ACOS(MIN(1,MAX(-1,SIN(RADIANS(Locations!$B12))*SIN(RADIANS(Locations!$B13))+COS(RADIANS(Locations!$B12))*COS(RADIANS(Locations!$B13))*COS(RADIANS(Locations!$C13-Locations!$C12))))),0) -> 1666 | N12: =ROUND(3958.8*5280*ACOS(MIN(1,MAX(-1,SIN(RADIANS(Locations!$B12))*SIN(RADIANS(Locations!$B14))+COS(RADIANS(Locations!$B12))*COS(RADIANS(Locations!$B14))*COS(RADIANS(Locations!$C14-Locations!$C12))))),0) -> 2110 | O12: =ROUND(3958.8*5280*ACOS(MIN(1,MAX(-1,SIN(RADIANS(Locations!$B12))*SIN(RADIANS(Locations!$B15))+COS(RADIANS(Locations!$B12))*COS(RADIANS(Locations!$B15))*COS(RADIANS(Locations!$C15-Locations!$C12))))),0) -> 2581 | P12: =ROUND(3958.8*5280*ACOS(MIN(1,MAX(-1,SIN(RADIANS(Locations!$B12))*SIN(RADIANS(Locations!$B16))+COS(RADIANS(Locations!$B12))*COS(RADIANS(Locations!$B16))*COS(RADIANS(Locations!$C16-Locations!$C12))))),0) -> 2719 | Q12: =ROUND(3958.8*5280*ACOS(MIN(1,MAX(-1,SIN(RADIANS(Locations!$B12))*SIN(RADIANS(Locations!$B17))+COS(RADIANS(Locations!$B12))*COS(RADIANS(Locations!$B17))*COS(RADIANS(Locations!$C17-Locations!$C12))))),0) -> 2923 | R12: =ROUND(3958.8*5280*ACOS(MIN(1,MAX(-1,SIN(RADIANS(Locations!$B12))*SIN(RADIANS(Locations!$B18))+COS(RADIANS(Locations!$B12))*COS(RADIANS(Locations!$B18))*COS(RADIANS(Locations!$C18-Locations!$C12))))),0) -> 4214 | S12: =ROUND(3958.8*5280*ACOS(MIN(1,MAX(-1,SIN(RADIANS(Locations!$B12))*SIN(RADIANS(Locations!$B19))+COS(RADIANS(Locations!$B12))*COS(RADIANS(Locations!$B19))*COS(RADIANS(Locations!$C19-Locations!$C12))))),0) -> 4261 | T12: =ROUND(3958.8*5280*ACOS(MIN(1,MAX(-1,SIN(RADIANS(Locations!$B12))*SIN(RADIANS(Locations!$B20))+COS(RADIANS(Locations!$B12))*COS(RADIANS(Locations!$B20))*COS(RADIANS(Locations!$C20-Locations!$C12))))),0) -> 3757
A13: =Locations!A13 -> Puerta del Sol | B13: =ROUND(3958.8*5280*ACOS(MIN(1,MAX(-1,SIN(RADIANS(Locations!$B13))*SIN(RADIANS(Locations!$B2))+COS(RADIANS(Locations!$B13))*COS(RADIANS(Locations!$B2))*COS(RADIANS(Locations!$C2-Locations!$C13))))),0) -> 2022 | C13: =ROUND(3958.8*5280*ACOS(MIN(1,MAX(-1,SIN(RADIANS(Locations!$B13))*SIN(RADIANS(Locations!$B3))+COS(RADIANS(Locations!$B13))*COS(RADIANS(Locations!$B3))*COS(RADIANS(Locations!$C3-Locations!$C13))))),0) -> 1975 | D13: =ROUND(3958.8*5280*ACOS(MIN(1,MAX(-1,SIN(RADIANS(Locations!$B13))*SIN(RADIANS(Locations!$B4))+COS(RADIANS(Locations!$B13))*COS(RADIANS(Locations!$B4))*COS(RADIANS(Locations!$C4-Locations!$C13))))),0) -> 2581 | E13: =ROUND(3958.8*5280*ACOS(MIN(1,MAX(-1,SIN(RADIANS(Locations!$B13))*SIN(RADIANS(Locations!$B5))+COS(RADIANS(Locations!$B13))*COS(RADIANS(Locations!$B5))*COS(RADIANS(Locations!$C5-Locations!$C13))))),0) -> 1986 | F13: =ROUND(3958.8*5280*ACOS(MIN(1,MAX(-1,SIN(RADIANS(Locations!$B13))*SIN(RADIANS(Locations!$B6))+COS(RADIANS(Locations!$B13))*COS(RADIANS(Locations!$B6))*COS(RADIANS(Locations!$C6-Locations!$C13))))),0) -> 1950 | G13: =ROUND(3958.8*5280*ACOS(MIN(1,MAX(-1,SIN(RADIANS(Locations!$B13))*SIN(RADIANS(Locations!$B7))+COS(RADIANS(Locations!$B13))*COS(RADIANS(Locations!$B7))*COS(RADIANS(Locations!$C7-Locations!$C13))))),0) -> 1558 | H13: =ROUND(3958.8*5280*ACOS(MIN(1,MAX(-1,SIN(RADIANS(Locations!$B13))*SIN(RADIANS(Locations!$B8))+COS(RADIANS(Locations!$B13))*COS(RADIANS(Locations!$B8))*COS(RADIANS(Locations!$C8-Locations!$C13))))),0) -> 1306 | I13: =ROUND(3958.8*5280*ACOS(MIN(1,MAX(-1,SIN(RADIANS(Locations!$B13))*SIN(RADIANS(Locations!$B9))+COS(RADIANS(Locations!$B13))*COS(RADIANS(Locations!$B9))*COS(RADIANS(Locations!$C9-Locations!$C13))))),0) -> 996 | J13: =ROUND(3958.8*5280*ACOS(MIN(1,MAX(-1,SIN(RADIANS(Locations!$B13))*SIN(RADIANS(Locations!$B10))+COS(RADIANS(Locations!$B13))*COS(RADIANS(Locations!$B10))*COS(RADIANS(Locations!$C10-Locations!$C13))))),0) -> 1381 | K13: =ROUND(3958.8*5280*ACOS(MIN(1,MAX(-1,SIN(RADIANS(Locations!$B13))*SIN(RADIANS(Locations!$B11))+COS(RADIANS(Locations!$B13))*COS(RADIANS(Locations!$B11))*COS(RADIANS(Locations!$C11-Locations!$C13))))),0) -> 3859 | L13: =ROUND(3958.8*5280*ACOS(MIN(1,MAX(-1,SIN(RADIANS(Locations!$B13))*SIN(RADIANS(Locations!$B12))+COS(RADIANS(Locations!$B13))*COS(RADIANS(Locations!$B12))*COS(RADIANS(Locations!$C12-Locations!$C13))))),0) -> 1666 | M13: =0 -> 0 | N13: =ROUND(3958.8*5280*ACOS(MIN(1,MAX(-1,SIN(RADIANS(Locations!$B13))*SIN(RADIANS(Locations!$B14))+COS(RADIANS(Locations!$B13))*COS(RADIANS(Locations!$B14))*COS(RADIANS(Locations!$C14-Locations!$C13))))),0) -> 1526 | O13: =ROUND(3958.8*5280*ACOS(MIN(1,MAX(-1,SIN(RADIANS(Locations!$B13))*SIN(RADIANS(Locations!$B15))+COS(RADIANS(Locations!$B13))*COS(RADIANS(Locations!$B15))*COS(RADIANS(Locations!$C15-Locations!$C13))))),0) -> 1273 | P13: =ROUND(3958.8*5280*ACOS(MIN(1,MAX(-1,SIN(RADIANS(Locations!$B13))*SIN(RADIANS(Locations!$B16))+COS(RADIANS(Locations!$B13))*COS(RADIANS(Locations!$B16))*COS(RADIANS(Locations!$C16-Locations!$C13))))),0) -> 1230 | Q13: =ROUND(3958.8*5280*ACOS(MIN(1,MAX(-1,SIN(RADIANS(Locations!$B13))*SIN(RADIANS(Locations!$B17))+COS(RADIANS(Locations!$B13))*COS(RADIANS(Locations!$B17))*COS(RADIANS(Locations!$C17-Locations!$C13))))),0) -> 1507 | R13: =ROUND(3958.8*5280*ACOS(MIN(1,MAX(-1,SIN(RADIANS(Locations!$B13))*SIN(RADIANS(Locations!$B18))+COS(RADIANS(Locations!$B13))*COS(RADIANS(Locations!$B18))*COS(RADIANS(Locations!$C18-Locations!$C13))))),0) -> 2942 | S13: =ROUND(3958.8*5280*ACOS(MIN(1,MAX(-1,SIN(RADIANS(Locations!$B13))*SIN(RADIANS(Locations!$B19))+COS(RADIANS(Locations!$B13))*COS(RADIANS(Locations!$B19))*COS(RADIANS(Locations!$C19-Locations!$C13))))),0) -> 3238 | T13: =ROUND(3958.8*5280*ACOS(MIN(1,MAX(-1,SIN(RADIANS(Locations!$B13))*SIN(RADIANS(Locations!$B20))+COS(RADIANS(Locations!$B13))*COS(RADIANS(Locations!$B20))*COS(RADIANS(Locations!$C20-Locations!$C13))))),0) -> 2759
A14: =Locations!A14 -> Verano | B14: =ROUND(3958.8*5280*ACOS(MIN(1,MAX(-1,SIN(RADIANS(Locations!$B14))*SIN(RADIANS(Locations!$B2))+COS(RADIANS(Locations!$B14))*COS(RADIANS(Locations!$B2))*COS(RADIANS(Locations!$C2-Locations!$C14))))),0) -> 3537 | C14: =ROUND(3958.8*5280*ACOS(MIN(1,MAX(-1,SIN(RADIANS(Locations!$B14))*SIN(RADIANS(Locations!$B3))+COS(RADIANS(Locations!$B14))*COS(RADIANS(Locations!$B3))*COS(RADIANS(Locations!$C3-Locations!$C14))))),0) -> 3501 | D14: =ROUND(3958.8*5280*ACOS(MIN(1,MAX(-1,SIN(RADIANS(Locations!$B14))*SIN(RADIANS(Locations!$B4))+COS(RADIANS(Locations!$B14))*COS(RADIANS(Locations!$B4))*COS(RADIANS(Locations!$C4-Locations!$C14))))),0) -> 4104 | E14: =ROUND(3958.8*5280*ACOS(MIN(1,MAX(-1,SIN(RADIANS(Locations!$B14))*SIN(RADIANS(Locations!$B5))+COS(RADIANS(Locations!$B14))*COS(RADIANS(Locations!$B5))*COS(RADIANS(Locations!$C5-Locations!$C14))))),0) -> 3484 | F14: =ROUND(3958.8*5280*ACOS(MIN(1,MAX(-1,SIN(RADIANS(Locations!$B14))*SIN(RADIANS(Locations!$B6))+COS(RADIANS(Locations!$B14))*COS(RADIANS(Locations!$B6))*COS(RADIANS(Locations!$C6-Locations!$C14))))),0) -> 3446 | G14: =ROUND(3958.8*5280*ACOS(MIN(1,MAX(-1,SIN(RADIANS(Locations!$B14))*SIN(RADIANS(Locations!$B7))+COS(RADIANS(Locations!$B14))*COS(RADIANS(Locations!$B7))*COS(RADIANS(Locations!$C7-Locations!$C14))))),0) -> 2936 | H14: =ROUND(3958.8*5280*ACOS(MIN(1,MAX(-1,SIN(RADIANS(Locations!$B14))*SIN(RADIANS(Locations!$B8))+COS(RADIANS(Locations!$B14))*COS(RADIANS(Locations!$B8))*COS(RADIANS(Locations!$C8-Locations!$C14))))),0) -> 2672 | I14: =ROUND(3958.8*5280*ACOS(MIN(1,MAX(-1,SIN(RADIANS(Locations!$B14))*SIN(RADIANS(Locations!$B9))+COS(RADIANS(Locations!$B14))*COS(RADIANS(Locations!$B9))*COS(RADIANS(Locations!$C9-Locations!$C14))))),0) -> 2520 | J14: =ROUND(3958.8*5280*ACOS(MIN(1,MAX(-1,SIN(RADIANS(Locations!$B14))*SIN(RADIANS(Locations!$B10))+COS(RADIANS(Locations!$B14))*COS(RADIANS(Locations!$B10))*COS(RADIANS(Locations!$C10-Locations!$C14))))),0) -> 2907 | K14: =ROUND(3958.8*5280*ACOS(MIN(1,MAX(-1,SIN(RADIANS(Locations!$B14))*SIN(RADIANS(Locations!$B11))+COS(RADIANS(Locations!$B14))*COS(RADIANS(Locations!$B11))*COS(RADIANS(Locations!$C11-Locations!$C14))))),0) -> 5202 | L14: =ROUND(3958.8*5280*ACOS(MIN(1,MAX(-1,SIN(RADIANS(Locations!$B14))*SIN(RADIANS(Locations!$B12))+COS(RADIANS(Locations!$B14))*COS(RADIANS(Locations!$B12))*COS(RADIANS(Locations!$C12-Locations!$C14))))),0) -> 2110 | M14: =ROUND(3958.8*5280*ACOS(MIN(1,MAX(-1,SIN(RADIANS(Locations!$B14))*SIN(RADIANS(Locations!$B13))+COS(RADIANS(Locations!$B14))*COS(RADIANS(Locations!$B13))*COS(RADIANS(Locations!$C13-Locations!$C14))))),0) -> 1526 | N14: =0 -> 0 | O14: =ROUND(3958.8*5280*ACOS(MIN(1,MAX(-1,SIN(RADIANS(Locations!$B14))*SIN(RADIANS(Locations!$B15))+COS(RADIANS(Locations!$B14))*COS(RADIANS(Locations!$B15))*COS(RADIANS(Locations!$C15-Locations!$C14))))),0) -> 979 | P14: =ROUND(3958.8*5280*ACOS(MIN(1,MAX(-1,SIN(RADIANS(Locations!$B14))*SIN(RADIANS(Locations!$B16))+COS(RADIANS(Locations!$B14))*COS(RADIANS(Locations!$B16))*COS(RADIANS(Locations!$C16-Locations!$C14))))),0) -> 1333 | Q14: =ROUND(3958.8*5280*ACOS(MIN(1,MAX(-1,SIN(RADIANS(Locations!$B14))*SIN(RADIANS(Locations!$B17))+COS(RADIANS(Locations!$B14))*COS(RADIANS(Locations!$B17))*COS(RADIANS(Locations!$C17-Locations!$C14))))),0) -> 1319 | R14: =ROUND(3958.8*5280*ACOS(MIN(1,MAX(-1,SIN(RADIANS(Locations!$B14))*SIN(RADIANS(Locations!$B18))+COS(RADIANS(Locations!$B14))*COS(RADIANS(Locations!$B18))*COS(RADIANS(Locations!$C18-Locations!$C14))))),0) -> 2220 | S14: =ROUND(3958.8*5280*ACOS(MIN(1,MAX(-1,SIN(RADIANS(Locations!$B14))*SIN(RADIANS(Locations!$B19))+COS(RADIANS(Locations!$B14))*COS(RADIANS(Locations!$B19))*COS(RADIANS(Locations!$C19-Locations!$C14))))),0) -> 2158 | T14: =ROUND(3958.8*5280*ACOS(MIN(1,MAX(-1,SIN(RADIANS(Locations!$B14))*SIN(RADIANS(Locations!$B20))+COS(RADIANS(Locations!$B14))*COS(RADIANS(Locations!$B20))*COS(RADIANS(Locations!$C20-Locations!$C14))))),0) -> 1656
A15: =Locations!A15 -> Arroyo Vista | B15: =ROUND(3958.8*5280*ACOS(MIN(1,MAX(-1,SIN(RADIANS(Locations!$B15))*SIN(RADIANS(Locations!$B2))+COS(RADIANS(Locations!$B15))*COS(RADIANS(Locations!$B2))*COS(RADIANS(Locations!$C2-Locations!$C15))))),0) -> 3186 | C15: =ROUND(3958.8*5280*ACOS(MIN(1,MAX(-1,SIN(RADIANS(Locations!$B15))*SIN(RADIANS(Locations!$B3))+COS(RADIANS(Locations!$B15))*COS(RADIANS(Locations!$B3))*COS(RADIANS(Locations!$C3-Locations!$C15))))),0) -> 3060 | D15: =ROUND(3958.8*5280*ACOS(MIN(1,MAX(-1,SIN(RADIANS(Locations!$B15))*SIN(RADIANS(Locations!$B4))+COS(RADIANS(Locations!$B15))*COS(RADIANS(Locations!$B4))*COS(RADIANS(Locations!$C4-Locations!$C15))))),0) -> 3692 | E15: =ROUND(3958.8*5280*ACOS(MIN(1,MAX(-1,SIN(RADIANS(Locations!$B15))*SIN(RADIANS(Locations!$B5))+COS(RADIANS(Locations!$B15))*COS(RADIANS(Locations!$B5))*COS(RADIANS(Locations!$C5-Locations!$C15))))),0) -> 2917 | F15: =ROUND(3958.8*5280*ACOS(MIN(1,MAX(-1,SIN(RADIANS(Locations!$B15))*SIN(RADIANS(Locations!$B6))+COS(RADIANS(Locations!$B15))*COS(RADIANS(Locations!$B6))*COS(RADIANS(Locations!$C6-Locations!$C15))))),0) -> 3153 | G15: =ROUND(3958.8*5280*ACOS(MIN(1,MAX(-1,SIN(RADIANS(Locations!$B15))*SIN(RADIANS(Locations!$B7))+COS(RADIANS(Locations!$B15))*COS(RADIANS(Locations!$B7))*COS(RADIANS(Locations!$C7-Locations!$C15))))),0) -> 2829 | H15: =ROUND(3958.8*5280*ACOS(MIN(1,MAX(-1,SIN(RADIANS(Locations!$B15))*SIN(RADIANS(Locations!$B8))+COS(RADIANS(Locations!$B15))*COS(RADIANS(Locations!$B8))*COS(RADIANS(Locations!$C8-Locations!$C15))))),0) -> 2578 | I15: =ROUND(3958.8*5280*ACOS(MIN(1,MAX(-1,SIN(RADIANS(Locations!$B15))*SIN(RADIANS(Locations!$B9))+COS(RADIANS(Locations!$B15))*COS(RADIANS(Locations!$B9))*COS(RADIANS(Locations!$C9-Locations!$C15))))),0) -> 2100 | J15: =ROUND(3958.8*5280*ACOS(MIN(1,MAX(-1,SIN(RADIANS(Locations!$B15))*SIN(RADIANS(Locations!$B10))+COS(RADIANS(Locations!$B15))*COS(RADIANS(Locations!$B10))*COS(RADIANS(Locations!$C10-Locations!$C15))))),0) -> 2498 | K15: =ROUND(3958.8*5280*ACOS(MIN(1,MAX(-1,SIN(RADIANS(Locations!$B15))*SIN(RADIANS(Locations!$B11))+COS(RADIANS(Locations!$B15))*COS(RADIANS(Locations!$B11))*COS(RADIANS(Locations!$C11-Locations!$C15))))),0) -> 5126 | L15: =ROUND(3958.8*5280*ACOS(MIN(1,MAX(-1,SIN(RADIANS(Locations!$B15))*SIN(RADIANS(Locations!$B12))+COS(RADIANS(Locations!$B15))*COS(RADIANS(Locations!$B12))*COS(RADIANS(Locations!$C12-Locations!$C15))))),0) -> 2581 | M15: =ROUND(3958.8*5280*ACOS(MIN(1,MAX(-1,SIN(RADIANS(Locations!$B15))*SIN(RADIANS(Locations!$B13))+COS(RADIANS(Locations!$B15))*COS(RADIANS(Locations!$B13))*COS(RADIANS(Locations!$C13-Locations!$C15))))),0) -> 1273 | N15: =ROUND(3958.8*5280*ACOS(MIN(1,MAX(-1,SIN(RADIANS(Locations!$B15))*SIN(RADIANS(Locations!$B14))+COS(RADIANS(Locations!$B15))*COS(RADIANS(Locations!$B14))*COS(RADIANS(Locations!$C14-Locations!$C15))))),0) -> 979 | O15: =0 -> 0 | P15: =ROUND(3958.8*5280*ACOS(MIN(1,MAX(-1,SIN(RADIANS(Locations!$B15))*SIN(RADIANS(Locations!$B16))+COS(RADIANS(Locations!$B15))*COS(RADIANS(Locations!$B16))*COS(RADIANS(Locations!$C16-Locations!$C15))))),0) -> 371 | Q15: =ROUND(3958.8*5280*ACOS(MIN(1,MAX(-1,SIN(RADIANS(Locations!$B15))*SIN(RADIANS(Locations!$B17))+COS(RADIANS(Locations!$B15))*COS(RADIANS(Locations!$B17))*COS(RADIANS(Locations!$C17-Locations!$C15))))),0) -> 370 | R15: =ROUND(3958.8*5280*ACOS(MIN(1,MAX(-1,SIN(RADIANS(Locations!$B15))*SIN(RADIANS(Locations!$B18))+COS(RADIANS(Locations!$B15))*COS(RADIANS(Locations!$B18))*COS(RADIANS(Locations!$C18-Locations!$C15))))),0) -> 1690 | S15: =ROUND(3958.8*5280*ACOS(MIN(1,MAX(-1,SIN(RADIANS(Locations!$B15))*SIN(RADIANS(Locations!$B19))+COS(RADIANS(Locations!$B15))*COS(RADIANS(Locations!$B19))*COS(RADIANS(Locations!$C19-Locations!$C15))))),0) -> 1974 | T15: =ROUND(3958.8*5280*ACOS(MIN(1,MAX(-1,SIN(RADIANS(Locations!$B15))*SIN(RADIANS(Locations!$B20))+COS(RADIANS(Locations!$B15))*COS(RADIANS(Locations!$B20))*COS(RADIANS(Locations!$C20-Locations!$C15))))),0) -> 1512
A16: =Locations!A16 -> Plaza Verde 1 | B16: =ROUND(3958.8*5280*ACOS(MIN(1,MAX(-1,SIN(RADIANS(Locations!$B16))*SIN(RADIANS(Locations!$B2))+COS(RADIANS(Locations!$B16))*COS(RADIANS(Locations!$B2))*COS(RADIANS(Locations!$C2-Locations!$C16))))),0) -> 2996 | C16: =ROUND(3958.8*5280*ACOS(MIN(1,MAX(-1,SIN(RADIANS(Locations!$B16))*SIN(RADIANS(Locations!$B3))+COS(RADIANS(Locations!$B16))*COS(RADIANS(Locations!$B3))*COS(RADIANS(Locations!$C3-Locations!$C16))))),0) -> 2838 | D16: =ROUND(3958.8*5280*ACOS(MIN(1,MAX(-1,SIN(RADIANS(Locations!$B16))*SIN(RADIANS(Locations!$B4))+COS(RADIANS(Locations!$B16))*COS(RADIANS(Locations!$B4))*COS(RADIANS(Locations!$C4-Locations!$C16))))),0) -> 3471 | E16: =ROUND(3958.8*5280*ACOS(MIN(1,MAX(-1,SIN(RADIANS(Locations!$B16))*SIN(RADIANS(Locations!$B5))+COS(RADIANS(Locations!$B16))*COS(RADIANS(Locations!$B5))*COS(RADIANS(Locations!$C5-Locations!$C16))))),0) -> 2651 | F16: =ROUND(3958.8*5280*ACOS(MIN(1,MAX(-1,SIN(RADIANS(Locations!$B16))*SIN(RADIANS(Locations!$B6))+COS(RADIANS(Locations!$B16))*COS(RADIANS(Locations!$B6))*COS(RADIANS(Locations!$C6-Locations!$C16))))),0) -> 2986 | G16: =ROUND(3958.8*5280*ACOS(MIN(1,MAX(-1,SIN(RADIANS(Locations!$B16))*SIN(RADIANS(Locations!$B7))+COS(RADIANS(Locations!$B16))*COS(RADIANS(Locations!$B7))*COS(RADIANS(Locations!$C7-Locations!$C16))))),0) -> 2742 | H16: =ROUND(3958.8*5280*ACOS(MIN(1,MAX(-1,SIN(RADIANS(Locations!$B16))*SIN(RADIANS(Locations!$B8))+COS(RADIANS(Locations!$B16))*COS(RADIANS(Locations!$B8))*COS(RADIANS(Locations!$C8-Locations!$C16))))),0) -> 2505 | I16: =ROUND(3958.8*5280*ACOS(MIN(1,MAX(-1,SIN(RADIANS(Locations!$B16))*SIN(RADIANS(Locations!$B9))+COS(RADIANS(Locations!$B16))*COS(RADIANS(Locations!$B9))*COS(RADIANS(Locations!$C9-Locations!$C16))))),0) -> 1914 | J16: =ROUND(3958.8*5280*ACOS(MIN(1,MAX(-1,SIN(RADIANS(Locations!$B16))*SIN(RADIANS(Locations!$B10))+COS(RADIANS(Locations!$B16))*COS(RADIANS(Locations!$B10))*COS(RADIANS(Locations!$C10-Locations!$C16))))),0) -> 2302 | K16: =ROUND(3958.8*5280*ACOS(MIN(1,MAX(-1,SIN(RADIANS(Locations!$B16))*SIN(RADIANS(Locations!$B11))+COS(RADIANS(Locations!$B16))*COS(RADIANS(Locations!$B11))*COS(RADIANS(Locations!$C11-Locations!$C16))))),0) -> 5014 | L16: =ROUND(3958.8*5280*ACOS(MIN(1,MAX(-1,SIN(RADIANS(Locations!$B16))*SIN(RADIANS(Locations!$B12))+COS(RADIANS(Locations!$B16))*COS(RADIANS(Locations!$B12))*COS(RADIANS(Locations!$C12-Locations!$C16))))),0) -> 2719 | M16: =ROUND(3958.8*5280*ACOS(MIN(1,MAX(-1,SIN(RADIANS(Locations!$B16))*SIN(RADIANS(Locations!$B13))+COS(RADIANS(Locations!$B16))*COS(RADIANS(Locations!$B13))*COS(RADIANS(Locations!$C13-Locations!$C16))))),0) -> 1230 | N16: =ROUND(3958.8*5280*ACOS(MIN(1,MAX(-1,SIN(RADIANS(Locations!$B16))*SIN(RADIANS(Locations!$B14))+COS(RADIANS(Locations!$B16))*COS(RADIANS(Locations!$B14))*COS(RADIANS(Locations!$C14-Locations!$C16))))),0) -> 1333 | O16: =ROUND(3958.8*5280*ACOS(MIN(1,MAX(-1,SIN(RADIANS(Locations!$B16))*SIN(RADIANS(Locations!$B15))+COS(RADIANS(Locations!$B16))*COS(RADIANS(Locations!$B15))*COS(RADIANS(Locations!$C15-Locations!$C16))))),0) -> 371 | P16: =0 -> 0 | Q16: =ROUND(3958.8*5280*ACOS(MIN(1,MAX(-1,SIN(RADIANS(Locations!$B16))*SIN(RADIANS(Locations!$B17))+COS(RADIANS(Locations!$B16))*COS(RADIANS(Locations!$B17))*COS(RADIANS(Locations!$C17-Locations!$C16))))),0) -> 302 | R16: =ROUND(3958.8*5280*ACOS(MIN(1,MAX(-1,SIN(RADIANS(Locations!$B16))*SIN(RADIANS(Locations!$B18))+COS(RADIANS(Locations!$B16))*COS(RADIANS(Locations!$B18))*COS(RADIANS(Locations!$C18-Locations!$C16))))),0) -> 1738 | S16: =ROUND(3958.8*5280*ACOS(MIN(1,MAX(-1,SIN(RADIANS(Locations!$B16))*SIN(RADIANS(Locations!$B19))+COS(RADIANS(Locations!$B16))*COS(RADIANS(Locations!$B19))*COS(RADIANS(Locations!$C19-Locations!$C16))))),0) -> 2150 | T16: =ROUND(3958.8*5280*ACOS(MIN(1,MAX(-1,SIN(RADIANS(Locations!$B16))*SIN(RADIANS(Locations!$B20))+COS(RADIANS(Locations!$B16))*COS(RADIANS(Locations!$B20))*COS(RADIANS(Locations!$C20-Locations!$C16))))),0) -> 1730
A17: =Locations!A17 -> Plaza Verde 2 | B17: =ROUND(3958.8*5280*ACOS(MIN(1,MAX(-1,SIN(RADIANS(Locations!$B17))*SIN(RADIANS(Locations!$B2))+COS(RADIANS(Locations!$B17))*COS(RADIANS(Locations!$B2))*COS(RADIANS(Locations!$C2-Locations!$C17))))),0) -> 3297 | C17: =ROUND(3958.8*5280*ACOS(MIN(1,MAX(-1,SIN(RADIANS(Locations!$B17))*SIN(RADIANS(Locations!$B3))+COS(RADIANS(Locations!$B17))*COS(RADIANS(Locations!$B3))*COS(RADIANS(Locations!$C3-Locations!$C17))))),0) -> 3136 | D17: =ROUND(3958.8*5280*ACOS(MIN(1,MAX(-1,SIN(RADIANS(Locations!$B17))*SIN(RADIANS(Locations!$B4))+COS(RADIANS(Locations!$B17))*COS(RADIANS(Locations!$B4))*COS(RADIANS(Locations!$C4-Locations!$C17))))),0) -> 3769 | E17: =ROUND(3958.8*5280*ACOS(MIN(1,MAX(-1,SIN(RADIANS(Locations!$B17))*SIN(RADIANS(Locations!$B5))+COS(RADIANS(Locations!$B17))*COS(RADIANS(Locations!$B5))*COS(RADIANS(Locations!$C5-Locations!$C17))))),0) -> 2938 | F17: =ROUND(3958.8*5280*ACOS(MIN(1,MAX(-1,SIN(RADIANS(Locations!$B17))*SIN(RADIANS(Locations!$B6))+COS(RADIANS(Locations!$B17))*COS(RADIANS(Locations!$B6))*COS(RADIANS(Locations!$C6-Locations!$C17))))),0) -> 3287 | G17: =ROUND(3958.8*5280*ACOS(MIN(1,MAX(-1,SIN(RADIANS(Locations!$B17))*SIN(RADIANS(Locations!$B7))+COS(RADIANS(Locations!$B17))*COS(RADIANS(Locations!$B7))*COS(RADIANS(Locations!$C7-Locations!$C17))))),0) -> 3035 | H17: =ROUND(3958.8*5280*ACOS(MIN(1,MAX(-1,SIN(RADIANS(Locations!$B17))*SIN(RADIANS(Locations!$B8))+COS(RADIANS(Locations!$B17))*COS(RADIANS(Locations!$B8))*COS(RADIANS(Locations!$C8-Locations!$C17))))),0) -> 2795 | I17: =ROUND(3958.8*5280*ACOS(MIN(1,MAX(-1,SIN(RADIANS(Locations!$B17))*SIN(RADIANS(Locations!$B9))+COS(RADIANS(Locations!$B17))*COS(RADIANS(Locations!$B9))*COS(RADIANS(Locations!$C9-Locations!$C17))))),0) -> 2216 | J17: =ROUND(3958.8*5280*ACOS(MIN(1,MAX(-1,SIN(RADIANS(Locations!$B17))*SIN(RADIANS(Locations!$B10))+COS(RADIANS(Locations!$B17))*COS(RADIANS(Locations!$B10))*COS(RADIANS(Locations!$C10-Locations!$C17))))),0) -> 2603 | K17: =ROUND(3958.8*5280*ACOS(MIN(1,MAX(-1,SIN(RADIANS(Locations!$B17))*SIN(RADIANS(Locations!$B11))+COS(RADIANS(Locations!$B17))*COS(RADIANS(Locations!$B11))*COS(RADIANS(Locations!$C11-Locations!$C17))))),0) -> 5312 | L17: =ROUND(3958.8*5280*ACOS(MIN(1,MAX(-1,SIN(RADIANS(Locations!$B17))*SIN(RADIANS(Locations!$B12))+COS(RADIANS(Locations!$B17))*COS(RADIANS(Locations!$B12))*COS(RADIANS(Locations!$C12-Locations!$C17))))),0) -> 2923 | M17: =ROUND(3958.8*5280*ACOS(MIN(1,MAX(-1,SIN(RADIANS(Locations!$B17))*SIN(RADIANS(Locations!$B13))+COS(RADIANS(Locations!$B17))*COS(RADIANS(Locations!$B13))*COS(RADIANS(Locations!$C13-Locations!$C17))))),0) -> 1507 | N17: =ROUND(3958.8*5280*ACOS(MIN(1,MAX(-1,SIN(RADIANS(Locations!$B17))*SIN(RADIANS(Locations!$B14))+COS(RADIANS(Locations!$B17))*COS(RADIANS(Locations!$B14))*COS(RADIANS(Locations!$C14-Locations!$C17))))),0) -> 1319 | O17: =ROUND(3958.8*5280*ACOS(MIN(1,MAX(-1,SIN(RADIANS(Locations!$B17))*SIN(RADIANS(Locations!$B15))+COS(RADIANS(Locations!$B17))*COS(RADIANS(Locations!$B15))*COS(RADIANS(Locations!$C15-Locations!$C17))))),0) -> 370 | P17: =ROUND(3958.8*5280*ACOS(MIN(1,MAX(-1,SIN(RADIANS(Locations!$B17))*SIN(RADIANS(Locations!$B16))+COS(RADIANS(Locations!$B17))*COS(RADIANS(Locations!$B16))*COS(RADIANS(Locations!$C16-Locations!$C17))))),0) -> 302 | Q17: =0 -> 0 | R17: =ROUND(3958.8*5280*ACOS(MIN(1,MAX(-1,SIN(RADIANS(Locations!$B17))*SIN(RADIANS(Locations!$B18))+COS(RADIANS(Locations!$B17))*COS(RADIANS(Locations!$B18))*COS(RADIANS(Locations!$C18-Locations!$C17))))),0) -> 1442 | S17: =ROUND(3958.8*5280*ACOS(MIN(1,MAX(-1,SIN(RADIANS(Locations!$B17))*SIN(RADIANS(Locations!$B19))+COS(RADIANS(Locations!$B17))*COS(RADIANS(Locations!$B19))*COS(RADIANS(Locations!$C19-Locations!$C17))))),0) -> 1852 | T17: =ROUND(3958.8*5280*ACOS(MIN(1,MAX(-1,SIN(RADIANS(Locations!$B17))*SIN(RADIANS(Locations!$B20))+COS(RADIANS(Locations!$B17))*COS(RADIANS(Locations!$B20))*COS(RADIANS(Locations!$C20-Locations!$C17))))),0) -> 1444
A18: =Locations!A18 -> Vista del Campo Norte | B18: =ROUND(3958.8*5280*ACOS(MIN(1,MAX(-1,SIN(RADIANS(Locations!$B18))*SIN(RADIANS(Locations!$B2))+COS(RADIANS(Locations!$B18))*COS(RADIANS(Locations!$B2))*COS(RADIANS(Locations!$C2-Locations!$C18))))),0) -> 4699 | C18: =ROUND(3958.8*5280*ACOS(MIN(1,MAX(-1,SIN(RADIANS(Locations!$B18))*SIN(RADIANS(Locations!$B3))+COS(RADIANS(Locations!$B18))*COS(RADIANS(Locations!$B3))*COS(RADIANS(Locations!$C3-Locations!$C18))))),0) -> 4508 | D18: =ROUND(3958.8*5280*ACOS(MIN(1,MAX(-1,SIN(RADIANS(Locations!$B18))*SIN(RADIANS(Locations!$B4))+COS(RADIANS(Locations!$B18))*COS(RADIANS(Locations!$B4))*COS(RADIANS(Locations!$C4-Locations!$C18))))),0) -> 5134 | E18: =ROUND(3958.8*5280*ACOS(MIN(1,MAX(-1,SIN(RADIANS(Locations!$B18))*SIN(RADIANS(Locations!$B5))+COS(RADIANS(Locations!$B18))*COS(RADIANS(Locations!$B5))*COS(RADIANS(Locations!$C5-Locations!$C18))))),0) -> 4247 | F18: =ROUND(3958.8*5280*ACOS(MIN(1,MAX(-1,SIN(RADIANS(Locations!$B18))*SIN(RADIANS(Locations!$B6))+COS(RADIANS(Locations!$B18))*COS(RADIANS(Locations!$B6))*COS(RADIANS(Locations!$C6-Locations!$C18))))),0) -> 4706 | G18: =ROUND(3958.8*5280*ACOS(MIN(1,MAX(-1,SIN(RADIANS(Locations!$B18))*SIN(RADIANS(Locations!$B7))+COS(RADIANS(Locations!$B18))*COS(RADIANS(Locations!$B7))*COS(RADIANS(Locations!$C7-Locations!$C18))))),0) -> 4477 | H18: =ROUND(3958.8*5280*ACOS(MIN(1,MAX(-1,SIN(RADIANS(Locations!$B18))*SIN(RADIANS(Locations!$B8))+COS(RADIANS(Locations!$B18))*COS(RADIANS(Locations!$B8))*COS(RADIANS(Locations!$C8-Locations!$C18))))),0) -> 4237 | I18: =ROUND(3958.8*5280*ACOS(MIN(1,MAX(-1,SIN(RADIANS(Locations!$B18))*SIN(RADIANS(Locations!$B9))+COS(RADIANS(Locations!$B18))*COS(RADIANS(Locations!$B9))*COS(RADIANS(Locations!$C9-Locations!$C18))))),0) -> 3632 | J18: =ROUND(3958.8*5280*ACOS(MIN(1,MAX(-1,SIN(RADIANS(Locations!$B18))*SIN(RADIANS(Locations!$B10))+COS(RADIANS(Locations!$B18))*COS(RADIANS(Locations!$B10))*COS(RADIANS(Locations!$C10-Locations!$C18))))),0) -> 4007 | K18: =ROUND(3958.8*5280*ACOS(MIN(1,MAX(-1,SIN(RADIANS(Locations!$B18))*SIN(RADIANS(Locations!$B11))+COS(RADIANS(Locations!$B18))*COS(RADIANS(Locations!$B11))*COS(RADIANS(Locations!$C11-Locations!$C18))))),0) -> 6750 | L18: =ROUND(3958.8*5280*ACOS(MIN(1,MAX(-1,SIN(RADIANS(Locations!$B18))*SIN(RADIANS(Locations!$B12))+COS(RADIANS(Locations!$B18))*COS(RADIANS(Locations!$B12))*COS(RADIANS(Locations!$C12-Locations!$C18))))),0) -> 4214 | M18: =ROUND(3958.8*5280*ACOS(MIN(1,MAX(-1,SIN(RADIANS(Locations!$B18))*SIN(RADIANS(Locations!$B13))+COS(RADIANS(Locations!$B18))*COS(RADIANS(Locations!$B13))*COS(RADIANS(Locations!$C13-Locations!$C18))))),0) -> 2942 | N18: =ROUND(3958.8*5280*ACOS(MIN(1,MAX(-1,SIN(RADIANS(Locations!$B18))*SIN(RADIANS(Locations!$B14))+COS(RADIANS(Locations!$B18))*COS(RADIANS(Locations!$B14))*COS(RADIANS(Locations!$C14-Locations!$C18))))),0) -> 2220 | O18: =ROUND(3958.8*5280*ACOS(MIN(1,MAX(-1,SIN(RADIANS(Locations!$B18))*SIN(RADIANS(Locations!$B15))+COS(RADIANS(Locations!$B18))*COS(RADIANS(Locations!$B15))*COS(RADIANS(Locations!$C15-Locations!$C18))))),0) -> 1690 | P18: =ROUND(3958.8*5280*ACOS(MIN(1,MAX(-1,SIN(RADIANS(Locations!$B18))*SIN(RADIANS(Locations!$B16))+COS(RADIANS(Locations!$B18))*COS(RADIANS(Locations!$B16))*COS(RADIANS(Locations!$C16-Locations!$C18))))),0) -> 1738 | Q18: =ROUND(3958.8*5280*ACOS(MIN(1,MAX(-1,SIN(RADIANS(Locations!$B18))*SIN(RADIANS(Locations!$B17))+COS(RADIANS(Locations!$B18))*COS(RADIANS(Locations!$B17))*COS(RADIANS(Locations!$C17-Locations!$C18))))),0) -> 1442 | R18: =0 -> 0 | S18: =ROUND(3958.8*5280*ACOS(MIN(1,MAX(-1,SIN(RADIANS(Locations!$B18))*SIN(RADIANS(Locations!$B19))+COS(RADIANS(Locations!$B18))*COS(RADIANS(Locations!$B19))*COS(RADIANS(Locations!$C19-Locations!$C18))))),0) -> 769 | T18: =ROUND(3958.8*5280*ACOS(MIN(1,MAX(-1,SIN(RADIANS(Locations!$B18))*SIN(RADIANS(Locations!$B20))+COS(RADIANS(Locations!$B18))*COS(RADIANS(Locations!$B20))*COS(RADIANS(Locations!$C20-Locations!$C18))))),0) -> 830
A19: =Locations!A19 -> Vista del Campo | B19: =ROUND(3958.8*5280*ACOS(MIN(1,MAX(-1,SIN(RADIANS(Locations!$B19))*SIN(RADIANS(Locations!$B2))+COS(RADIANS(Locations!$B19))*COS(RADIANS(Locations!$B2))*COS(RADIANS(Locations!$C2-Locations!$C19))))),0) -> 5141 | C19: =ROUND(3958.8*5280*ACOS(MIN(1,MAX(-1,SIN(RADIANS(Locations!$B19))*SIN(RADIANS(Locations!$B3))+COS(RADIANS(Locations!$B19))*COS(RADIANS(Locations!$B3))*COS(RADIANS(Locations!$C3-Locations!$C19))))),0) -> 4988 | D19: =ROUND(3958.8*5280*ACOS(MIN(1,MAX(-1,SIN(RADIANS(Locations!$B19))*SIN(RADIANS(Locations!$B4))+COS(RADIANS(Locations!$B19))*COS(RADIANS(Locations!$B4))*COS(RADIANS(Locations!$C4-Locations!$C19))))),0) -> 5620 | E19: =ROUND(3958.8*5280*ACOS(MIN(1,MAX(-1,SIN(RADIANS(Locations!$B19))*SIN(RADIANS(Locations!$B5))+COS(RADIANS(Locations!$B19))*COS(RADIANS(Locations!$B5))*COS(RADIANS(Locations!$C5-Locations!$C19))))),0) -> 4781 | F19: =ROUND(3958.8*5280*ACOS(MIN(1,MAX(-1,SIN(RADIANS(Locations!$B19))*SIN(RADIANS(Locations!$B6))+COS(RADIANS(Locations!$B19))*COS(RADIANS(Locations!$B6))*COS(RADIANS(Locations!$C6-Locations!$C19))))),0) -> 5119 | G19: =ROUND(3958.8*5280*ACOS(MIN(1,MAX(-1,SIN(RADIANS(Locations!$B19))*SIN(RADIANS(Locations!$B7))+COS(RADIANS(Locations!$B19))*COS(RADIANS(Locations!$B7))*COS(RADIANS(Locations!$C7-Locations!$C19))))),0) -> 4795 | H19: =ROUND(3958.8*5280*ACOS(MIN(1,MAX(-1,SIN(RADIANS(Locations!$B19))*SIN(RADIANS(Locations!$B8))+COS(RADIANS(Locations!$B19))*COS(RADIANS(Locations!$B8))*COS(RADIANS(Locations!$C8-Locations!$C19))))),0) -> 4540 | I19: =ROUND(3958.8*5280*ACOS(MIN(1,MAX(-1,SIN(RADIANS(Locations!$B19))*SIN(RADIANS(Locations!$B9))+COS(RADIANS(Locations!$B19))*COS(RADIANS(Locations!$B9))*COS(RADIANS(Locations!$C9-Locations!$C19))))),0) -> 4055 | J19: =ROUND(3958.8*5280*ACOS(MIN(1,MAX(-1,SIN(RADIANS(Locations!$B19))*SIN(RADIANS(Locations!$B10))+COS(RADIANS(Locations!$B19))*COS(RADIANS(Locations!$B10))*COS(RADIANS(Locations!$C10-Locations!$C19))))),0) -> 4448 | K19: =ROUND(3958.8*5280*ACOS(MIN(1,MAX(-1,SIN(RADIANS(Locations!$B19))*SIN(RADIANS(Locations!$B11))+COS(RADIANS(Locations!$B19))*COS(RADIANS(Locations!$B11))*COS(RADIANS(Locations!$C11-Locations!$C19))))),0) -> 7097 | L19: =ROUND(3958.8*5280*ACOS(MIN(1,MAX(-1,SIN(RADIANS(Locations!$B19))*SIN(RADIANS(Locations!$B12))+COS(RADIANS(Locations!$B19))*COS(RADIANS(Locations!$B12))*COS(RADIANS(Locations!$C12-Locations!$C19))))),0) -> 4261 | M19: =ROUND(3958.8*5280*ACOS(MIN(1,MAX(-1,SIN(RADIANS(Locations!$B19))*SIN(RADIANS(Locations!$B13))+COS(RADIANS(Locations!$B19))*COS(RADIANS(Locations!$B13))*COS(RADIANS(Locations!$C13-Locations!$C19))))),0) -> 3238 | N19: =ROUND(3958.8*5280*ACOS(MIN(1,MAX(-1,SIN(RADIANS(Locations!$B19))*SIN(RADIANS(Locations!$B14))+COS(RADIANS(Locations!$B19))*COS(RADIANS(Locations!$B14))*COS(RADIANS(Locations!$C14-Locations!$C19))))),0) -> 2158 | O19: =ROUND(3958.8*5280*ACOS(MIN(1,MAX(-1,SIN(RADIANS(Locations!$B19))*SIN(RADIANS(Locations!$B15))+COS(RADIANS(Locations!$B19))*COS(RADIANS(Locations!$B15))*COS(RADIANS(Locations!$C15-Locations!$C19))))),0) -> 1974 | P19: =ROUND(3958.8*5280*ACOS(MIN(1,MAX(-1,SIN(RADIANS(Locations!$B19))*SIN(RADIANS(Locations!$B16))+COS(RADIANS(Locations!$B19))*COS(RADIANS(Locations!$B16))*COS(RADIANS(Locations!$C16-Locations!$C19))))),0) -> 2150 | Q19: =ROUND(3958.8*5280*ACOS(MIN(1,MAX(-1,SIN(RADIANS(Locations!$B19))*SIN(RADIANS(Locations!$B17))+COS(RADIANS(Locations!$B19))*COS(RADIANS(Locations!$B17))*COS(RADIANS(Locations!$C17-Locations!$C19))))),0) -> 1852 | R19: =ROUND(3958.8*5280*ACOS(MIN(1,MAX(-1,SIN(RADIANS(Locations!$B19))*SIN(RADIANS(Locations!$B18))+COS(RADIANS(Locations!$B19))*COS(RADIANS(Locations!$B18))*COS(RADIANS(Locations!$C18-Locations!$C19))))),0) -> 769 | S19: =0 -> 0 | T19: =ROUND(3958.8*5280*ACOS(MIN(1,MAX(-1,SIN(RADIANS(Locations!$B19))*SIN(RADIANS(Locations!$B20))+COS(RADIANS(Locations!$B19))*COS(RADIANS(Locations!$B20))*COS(RADIANS(Locations!$C20-Locations!$C19))))),0) -> 506
A20: =Locations!A20 -> Camino del Sol | B20: =ROUND(3958.8*5280*ACOS(MIN(1,MAX(-1,SIN(RADIANS(Locations!$B20))*SIN(RADIANS(Locations!$B2))+COS(RADIANS(Locations!$B20))*COS(RADIANS(Locations!$B2))*COS(RADIANS(Locations!$C2-Locations!$C20))))),0) -> 4696 | C20: =ROUND(3958.8*5280*ACOS(MIN(1,MAX(-1,SIN(RADIANS(Locations!$B20))*SIN(RADIANS(Locations!$B3))+COS(RADIANS(Locations!$B20))*COS(RADIANS(Locations!$B3))*COS(RADIANS(Locations!$C3-Locations!$C20))))),0) -> 4559 | D20: =ROUND(3958.8*5280*ACOS(MIN(1,MAX(-1,SIN(RADIANS(Locations!$B20))*SIN(RADIANS(Locations!$B4))+COS(RADIANS(Locations!$B20))*COS(RADIANS(Locations!$B4))*COS(RADIANS(Locations!$C4-Locations!$C20))))),0) -> 5192 | E20: =ROUND(3958.8*5280*ACOS(MIN(1,MAX(-1,SIN(RADIANS(Locations!$B20))*SIN(RADIANS(Locations!$B5))+COS(RADIANS(Locations!$B20))*COS(RADIANS(Locations!$B5))*COS(RADIANS(Locations!$C5-Locations!$C20))))),0) -> 4380 | F20: =ROUND(3958.8*5280*ACOS(MIN(1,MAX(-1,SIN(RADIANS(Locations!$B20))*SIN(RADIANS(Locations!$B6))+COS(RADIANS(Locations!$B20))*COS(RADIANS(Locations!$B6))*COS(RADIANS(Locations!$C6-Locations!$C20))))),0) -> 4664 | G20: =ROUND(3958.8*5280*ACOS(MIN(1,MAX(-1,SIN(RADIANS(Locations!$B20))*SIN(RADIANS(Locations!$B7))+COS(RADIANS(Locations!$B20))*COS(RADIANS(Locations!$B7))*COS(RADIANS(Locations!$C7-Locations!$C20))))),0) -> 4314 | H20: =ROUND(3958.8*5280*ACOS(MIN(1,MAX(-1,SIN(RADIANS(Locations!$B20))*SIN(RADIANS(Locations!$B8))+COS(RADIANS(Locations!$B20))*COS(RADIANS(Locations!$B8))*COS(RADIANS(Locations!$C8-Locations!$C20))))),0) -> 4057 | I20: =ROUND(3958.8*5280*ACOS(MIN(1,MAX(-1,SIN(RADIANS(Locations!$B20))*SIN(RADIANS(Locations!$B9))+COS(RADIANS(Locations!$B20))*COS(RADIANS(Locations!$B9))*COS(RADIANS(Locations!$C9-Locations!$C20))))),0) -> 3609 | J20: =ROUND(3958.8*5280*ACOS(MIN(1,MAX(-1,SIN(RADIANS(Locations!$B20))*SIN(RADIANS(Locations!$B10))+COS(RADIANS(Locations!$B20))*COS(RADIANS(Locations!$B10))*COS(RADIANS(Locations!$C10-Locations!$C20))))),0) -> 4006 | K20: =ROUND(3958.8*5280*ACOS(MIN(1,MAX(-1,SIN(RADIANS(Locations!$B20))*SIN(RADIANS(Locations!$B11))+COS(RADIANS(Locations!$B20))*COS(RADIANS(Locations!$B11))*COS(RADIANS(Locations!$C11-Locations!$C20))))),0) -> 6617 | L20: =ROUND(3958.8*5280*ACOS(MIN(1,MAX(-1,SIN(RADIANS(Locations!$B20))*SIN(RADIANS(Locations!$B12))+COS(RADIANS(Locations!$B20))*COS(RADIANS(Locations!$B12))*COS(RADIANS(Locations!$C12-Locations!$C20))))),0) -> 3757 | M20: =ROUND(3958.8*5280*ACOS(MIN(1,MAX(-1,SIN(RADIANS(Locations!$B20))*SIN(RADIANS(Locations!$B13))+COS(RADIANS(Locations!$B20))*COS(RADIANS(Locations!$B13))*COS(RADIANS(Locations!$C13-Locations!$C20))))),0) -> 2759 | N20: =ROUND(3958.8*5280*ACOS(MIN(1,MAX(-1,SIN(RADIANS(Locations!$B20))*SIN(RADIANS(Locations!$B14))+COS(RADIANS(Locations!$B20))*COS(RADIANS(Locations!$B14))*COS(RADIANS(Locations!$C14-Locations!$C20))))),0) -> 1656 | O20: =ROUND(3958.8*5280*ACOS(MIN(1,MAX(-1,SIN(RADIANS(Locations!$B20))*SIN(RADIANS(Locations!$B15))+COS(RADIANS(Locations!$B20))*COS(RADIANS(Locations!$B15))*COS(RADIANS(Locations!$C15-Locations!$C20))))),0) -> 1512 | P20: =ROUND(3958.8*5280*ACOS(MIN(1,MAX(-1,SIN(RADIANS(Locations!$B20))*SIN(RADIANS(Locations!$B16))+COS(RADIANS(Locations!$B20))*COS(RADIANS(Locations!$B16))*COS(RADIANS(Locations!$C16-Locations!$C20))))),0) -> 1730 | Q20: =ROUND(3958.8*5280*ACOS(MIN(1,MAX(-1,SIN(RADIANS(Locations!$B20))*SIN(RADIANS(Locations!$B17))+COS(RADIANS(Locations!$B20))*COS(RADIANS(Locations!$B17))*COS(RADIANS(Locations!$C17-Locations!$C20))))),0) -> 1444 | R20: =ROUND(3958.8*5280*ACOS(MIN(1,MAX(-1,SIN(RADIANS(Locations!$B20))*SIN(RADIANS(Locations!$B18))+COS(RADIANS(Locations!$B20))*COS(RADIANS(Locations!$B18))*COS(RADIANS(Locations!$C18-Locations!$C20))))),0) -> 830 | S20: =ROUND(3958.8*5280*ACOS(MIN(1,MAX(-1,SIN(RADIANS(Locations!$B20))*SIN(RADIANS(Locations!$B19))+COS(RADIANS(Locations!$B20))*COS(RADIANS(Locations!$B19))*COS(RADIANS(Locations!$C19-Locations!$C20))))),0) -> 506 | T20: =0 -> 0

Sheet All Pairs Sorted
A1: Location A | B1: Location B | C1: Distance (ft) | D1: Distance (mi)
A2: Stanford Court | B2: Dartmouth Court | C2: =ROUND(3958.8*5280*ACOS(MIN(1,MAX(-1,SIN(RADIANS(Locations!$B2))*SIN(RADIANS(Locations!$B6))+COS(RADIANS(Locations!$B2))*COS(RADIANS(Locations!$B6))*COS(RADIANS(Locations!$C6-Locations!$C2))))),0) -> 220 | D2: =C2/5280 -> 0.041666667
A3: Columbia Court | B3: Berkeley Court | C3: =ROUND(3958.8*5280*ACOS(MIN(1,MAX(-1,SIN(RADIANS(Locations!$B7))*SIN(RADIANS(Locations!$B8))+COS(RADIANS(Locations!$B7))*COS(RADIANS(Locations!$B8))*COS(RADIANS(Locations!$C8-Locations!$C7))))),0) -> 265 | D3: =C3/5280 -> 0.050189394
A4: Plaza Verde 1 | B4: Plaza Verde 2 | C4: =ROUND(3958.8*5280*ACOS(MIN(1,MAX(-1,SIN(RADIANS(Locations!$B16))*SIN(RADIANS(Locations!$B17))+COS(RADIANS(Locations!$B16))*COS(RADIANS(Locations!$B17))*COS(RADIANS(Locations!$C17-Locations!$C16))))),0) -> 302 | D4: =C4/5280 -> 0.05719697
A5: Stanford Court | B5: Princeton Court | C5: =ROUND(3958.8*5280*ACOS(MIN(1,MAX(-1,SIN(RADIANS(Locations!$B2))*SIN(RADIANS(Locations!$B3))+COS(RADIANS(Locations!$B2))*COS(RADIANS(Locations!$B3))*COS(RADIANS(Locations!$C3-Locations!$C2))))),0) -> 342 | D5: =C5/5280 -> 0.064772727
A6: Arroyo Vista | B6: Plaza Verde 2 | C6: =ROUND(3958.8*5280*ACOS(MIN(1,MAX(-1,SIN(RADIANS(Locations!$B15))*SIN(RADIANS(Locations!$B17))+COS(RADIANS(Locations!$B15))*COS(RADIANS(Locations!$B17))*COS(RADIANS(Locations!$C17-Locations!$C15))))),0) -> 370 | D6: =C6/5280 -> 0.070075758
A7: Arroyo Vista | B7: Plaza Verde 1 | C7: =ROUND(3958.8*5280*ACOS(MIN(1,MAX(-1,SIN(RADIANS(Locations!$B15))*SIN(RADIANS(Locations!$B16))+COS(RADIANS(Locations!$B15))*COS(RADIANS(Locations!$B16))*COS(RADIANS(Locations!$C16-Locations!$C15))))),0) -> 371 | D7: =C7/5280 -> 0.070265152
A8: Harvard Court | B8: Cornell Court | C8: =ROUND(3958.8*5280*ACOS(MIN(1,MAX(-1,SIN(RADIANS(Locations!$B9))*SIN(RADIANS(Locations!$B10))+COS(RADIANS(Locations!$B9))*COS(RADIANS(Locations!$B10))*COS(RADIANS(Locations!$C10-Locations!$C9))))),0) -> 400 | D8: =C8/5280 -> 0.075757576
A9: Princeton Court | B9: Ambrose | C9: =ROUND(3958.8*5280*ACOS(MIN(1,MAX(-1,SIN(RADIANS(Locations!$B3))*SIN(RADIANS(Locations!$B5))+COS(RADIANS(Locations!$B3))*COS(RADIANS(Locations!$B5))*COS(RADIANS(Locations!$C5-Locations!$C3))))),0) -> 489 | D9: =C9/5280 -> 0.092613636
A10: Vista del Campo | B10: Camino del Sol | C10: =ROUND(3958.8*5280*ACOS(MIN(1,MAX(-1,SIN(RADIANS(Locations!$B19))*SIN(RADIANS(Locations!$B20))+COS(RADIANS(Locations!$B19))*COS(RADIANS(Locations!$B20))*COS(RADIANS(Locations!$C20-Locations!$C19))))),0) -> 506 | D10: =C10/5280 -> 0.095833333
A11: Princeton Court | B11: Dartmouth Court | C11: =ROUND(3958.8*5280*ACOS(MIN(1,MAX(-1,SIN(RADIANS(Locations!$B3))*SIN(RADIANS(Locations!$B6))+COS(RADIANS(Locations!$B3))*COS(RADIANS(Locations!$B6))*COS(RADIANS(Locations!$C6-Locations!$C3))))),0) -> 538 | D11: =C11/5280 -> 0.10189394
A12: Stanford Court | B12: Oxford Court | C12: =ROUND(3958.8*5280*ACOS(MIN(1,MAX(-1,SIN(RADIANS(Locations!$B2))*SIN(RADIANS(Locations!$B4))+COS(RADIANS(Locations!$B2))*COS(RADIANS(Locations!$B4))*COS(RADIANS(Locations!$C4-Locations!$C2))))),0) -> 594 | D12: =C12/5280 -> 0.1125
A13: Princeton Court | B13: Cornell Court | C13: =ROUND(3958.8*5280*ACOS(MIN(1,MAX(-1,SIN(RADIANS(Locations!$B3))*SIN(RADIANS(Locations!$B10))+COS(RADIANS(Locations!$B3))*COS(RADIANS(Locations!$B10))*COS(RADIANS(Locations!$C10-Locations!$C3))))),0) -> 594 | D13: =C13/5280 -> 0.1125
A14: Princeton Court | B14: Oxford Court | C14: =ROUND(3958.8*5280*ACOS(MIN(1,MAX(-1,SIN(RADIANS(Locations!$B3))*SIN(RADIANS(Locations!$B4))+COS(RADIANS(Locations!$B3))*COS(RADIANS(Locations!$B4))*COS(RADIANS(Locations!$C4-Locations!$C3))))),0) -> 633 | D14: =C14/5280 -> 0.11988636
A15: Stanford Court | B15: Cornell Court | C15: =ROUND(3958.8*5280*ACOS(MIN(1,MAX(-1,SIN(RADIANS(Locations!$B2))*SIN(RADIANS(Locations!$B10))+COS(RADIANS(Locations!$B2))*COS(RADIANS(Locations!$B10))*COS(RADIANS(Locations!$C10-Locations!$C2))))),0) -> 694 | D15: =C15/5280 -> 0.13143939
A16: Dartmouth Court | B16: Cornell Court | C16: =ROUND(3958.8*5280*ACOS(MIN(1,MAX(-1,SIN(RADIANS(Locations!$B6))*SIN(RADIANS(Locations!$B10))+COS(RADIANS(Locations!$B6))*COS(RADIANS(Locations!$B10))*COS(RADIANS(Locations!$C10-Locations!$C6))))),0) -> 714 | D16: =C16/5280 -> 0.13522727
A17: Dartmouth Court | B17: Columbia Court | C17: =ROUND(3958.8*5280*ACOS(MIN(1,MAX(-1,SIN(RADIANS(Locations!$B6))*SIN(RADIANS(Locations!$B7))+COS(RADIANS(Locations!$B6))*COS(RADIANS(Locations!$B7))*COS(RADIANS(Locations!$C7-Locations!$C6))))),0) -> 730 | D17: =C17/5280 -> 0.13825758
A18: Ambrose | B18: Cornell Court | C18: =ROUND(3958.8*5280*ACOS(MIN(1,MAX(-1,SIN(RADIANS(Locations!$B5))*SIN(RADIANS(Locations!$B10))+COS(RADIANS(Locations!$B5))*COS(RADIANS(Locations!$B10))*COS(RADIANS(Locations!$C10-Locations!$C5))))),0) -> 740 | D18: =C18/5280 -> 0.14015152
A19: Oxford Court | B19: Dartmouth Court | C19: =ROUND(3958.8*5280*ACOS(MIN(1,MAX(-1,SIN(RADIANS(Locations!$B4))*SIN(RADIANS(Locations!$B6))+COS(RADIANS(Locations!$B4))*COS(RADIANS(Locations!$B6))*COS(RADIANS(Locations!$C6-Locations!$C4))))),0) -> 765 | D19: =C19/5280 -> 0.14488636
A20: Vista del Campo Norte | B20: Vista del Campo | C20: =ROUND(3958.8*5280*ACOS(MIN(1,MAX(-1,SIN(RADIANS(Locations!$B18))*SIN(RADIANS(Locations!$B19))+COS(RADIANS(Locations!$B18))*COS(RADIANS(Locations!$B19))*COS(RADIANS(Locations!$C19-Locations!$C18))))),0) -> 769 | D20: =C20/5280 -> 0.14564394
A21: Vista del Campo Norte | B21: Camino del Sol | C21: =ROUND(3958.8*5280*ACOS(MIN(1,MAX(-1,SIN(RADIANS(Locations!$B18))*SIN(RADIANS(Locations!$B20))+COS(RADIANS(Locations!$B18))*COS(RADIANS(Locations!$B20))*COS(RADIANS(Locations!$C20-Locations!$C18))))),0) -> 830 | D21: =C21/5280 -> 0.15719697
A22: Stanford Court | B22: Ambrose | C22: =ROUND(3958.8*5280*ACOS(MIN(1,MAX(-1,SIN(RADIANS(Locations!$B2))*SIN(RADIANS(Locations!$B5))+COS(RADIANS(Locations!$B2))*COS(RADIANS(Locations!$B5))*COS(RADIANS(Locations!$C5-Locations!$C2))))),0) -> 832 | D22: =C22/5280 -> 0.15757576
A23: Berkeley Court | B23: Cornell Court | C23: =ROUND(3958.8*5280*ACOS(MIN(1,MAX(-1,SIN(RADIANS(Locations!$B8))*SIN(RADIANS(Locations!$B10))+COS(RADIANS(Locations!$B8))*COS(RADIANS(Locations!$B10))*COS(RADIANS(Locations!$C10-Locations!$C8))))),0) -> 893 | D23: =C23/5280 -> 0.16912879
A24: Berkeley Court | B24: Harvard Court | C24: =ROUND(3958.8*5280*ACOS(MIN(1,MAX(-1,SIN(RADIANS(Locations!$B8))*SIN(RADIANS(Locations!$B9))+COS(RADIANS(Locations!$B8))*COS(RADIANS(Locations!$B9))*COS(RADIANS(Locations!$C9-Locations!$C8))))),0) -> 909 | D24: =C24/5280 -> 0.17215909
A25: Columbia Court | B25: Cornell Court | C25: =ROUND(3958.8*5280*ACOS(MIN(1,MAX(-1,SIN(RADIANS(Locations!$B7))*SIN(RADIANS(Locations!$B10))+COS(RADIANS(Locations!$B7))*COS(RADIANS(Locations!$B10))*COS(RADIANS(Locations!$C10-Locations!$C7))))),0) -> 910 | D25: =C25/5280 -> 0.17234848
A26: Dartmouth Court | B26: Berkeley Court | C26: =ROUND(3958.8*5280*ACOS(MIN(1,MAX(-1,SIN(RADIANS(Locations!$B6))*SIN(RADIANS(Locations!$B8))+COS(RADIANS(Locations!$B6))*COS(RADIANS(Locations!$B8))*COS(RADIANS(Locations!$C8-Locations!$C6))))),0) -> 916 | D26: =C26/5280 -> 0.17348485
A27: Stanford Court | B27: Columbia Court | C27: =ROUND(3958.8*5280*ACOS(MIN(1,MAX(-1,SIN(RADIANS(Locations!$B2))*SIN(RADIANS(Locations!$B7))+COS(RADIANS(Locations!$B2))*COS(RADIANS(Locations!$B7))*COS(RADIANS(Locations!$C7-Locations!$C2))))),0) -> 933 | D27: =C27/5280 -> 0.17670455
A28: Oxford Court | B28: Ambrose | C28: =ROUND(3958.8*5280*ACOS(MIN(1,MAX(-1,SIN(RADIANS(Locations!$B4))*SIN(RADIANS(Locations!$B5))+COS(RADIANS(Locations!$B4))*COS(RADIANS(Locations!$B5))*COS(RADIANS(Locations!$C5-Locations!$C4))))),0) -> 951 | D28: =C28/5280 -> 0.18011364
A29: Verano | B29: Arroyo Vista | C29: =ROUND(3958.8*5280*ACOS(MIN(1,MAX(-1,SIN(RADIANS(Locations!$B14))*SIN(RADIANS(Locations!$B15))+COS(RADIANS(Locations!$B14))*COS(RADIANS(Locations!$B15))*COS(RADIANS(Locations!$C15-Locations!$C14))))),0) -> 979 | D29: =C29/5280 -> 0.18541667
A30: Princeton Court | B30: Harvard Court | C30: =ROUND(3958.8*5280*ACOS(MIN(1,MAX(-1,SIN(RADIANS(Locations!$B3))*SIN(RADIANS(Locations!$B9))+COS(RADIANS(Locations!$B3))*COS(RADIANS(Locations!$B9))*COS(RADIANS(Locations!$C9-Locations!$C3))))),0) -> 986 | D30: =C30/5280 -> 0.18674242
A31: Harvard Court | B31: Puerta del Sol | C31: =ROUND(3958.8*5280*ACOS(MIN(1,MAX(-1,SIN(RADIANS(Locations!$B9))*SIN(RADIANS(Locations!$B13))+COS(RADIANS(Locations!$B9))*COS(RADIANS(Locations!$B13))*COS(RADIANS(Locations!$C13-Locations!$C9))))),0) -> 996 | D31: =C31/5280 -> 0.18863636
A32: Ambrose | B32: Dartmouth Court | C32: =ROUND(3958.8*5280*ACOS(MIN(1,MAX(-1,SIN(RADIANS(Locations!$B5))*SIN(RADIANS(Locations!$B6))+COS(RADIANS(Locations!$B5))*COS(RADIANS(Locations!$B6))*COS(RADIANS(Locations!$C6-Locations!$C5))))),0) -> 1016 | D32: =C32/5280 -> 0.19242424
A33: Ambrose | B33: Harvard Court | C33: =ROUND(3958.8*5280*ACOS(MIN(1,MAX(-1,SIN(RADIANS(Locations!$B5))*SIN(RADIANS(Locations!$B9))+COS(RADIANS(Locations!$B5))*COS(RADIANS(Locations!$B9))*COS(RADIANS(Locations!$C9-Locations!$C5))))),0) -> 1017 | D33: =C33/5280 -> 0.19261364
A34: Columbia Court | B34: Harvard Court | C34: =ROUND(3958.8*5280*ACOS(MIN(1,MAX(-1,SIN(RADIANS(Locations!$B7))*SIN(RADIANS(Locations!$B9))+COS(RADIANS(Locations!$B7))*COS(RADIANS(Locations!$B9))*COS(RADIANS(Locations!$C9-Locations!$C7))))),0) -> 1033 | D34: =C34/5280 -> 0.19564394
A35: Dartmouth Court | B35: Harvard Court | C35: =ROUND(3958.8*5280*ACOS(MIN(1,MAX(-1,SIN(RADIANS(Locations!$B6))*SIN(RADIANS(Locations!$B9))+COS(RADIANS(Locations!$B6))*COS(RADIANS(Locations!$B9))*COS(RADIANS(Locations!$C9-Locations!$C6))))),0) -> 1074 | D35: =C35/5280 -> 0.20340909
A36: Stanford Court | B36: Harvard Court | C36: =ROUND(3958.8*5280*ACOS(MIN(1,MAX(-1,SIN(RADIANS(Locations!$B2))*SIN(RADIANS(Locations!$B9))+COS(RADIANS(Locations!$B2))*COS(RADIANS(Locations!$B9))*COS(RADIANS(Locations!$C9-Locations!$C2))))),0) -> 1087 | D36: =C36/5280 -> 0.20587121
A37: Stanford Court | B37: Berkeley Court | C37: =ROUND(3958.8*5280*ACOS(MIN(1,MAX(-1,SIN(RADIANS(Locations!$B2))*SIN(RADIANS(Locations!$B8))+COS(RADIANS(Locations!$B2))*COS(RADIANS(Locations!$B8))*COS(RADIANS(Locations!$C8-Locations!$C2))))),0) -> 1096 | D37: =C37/5280 -> 0.20757576
A38: Princeton Court | B38: Columbia Court | C38: =ROUND(3958.8*5280*ACOS(MIN(1,MAX(-1,SIN(RADIANS(Locations!$B3))*SIN(RADIANS(Locations!$B7))+COS(RADIANS(Locations!$B3))*COS(RADIANS(Locations!$B7))*COS(RADIANS(Locations!$C7-Locations!$C3))))),0) -> 1163 | D38: =C38/5280 -> 0.22026515
A39: Oxford Court | B39: Cornell Court | C39: =ROUND(3958.8*5280*ACOS(MIN(1,MAX(-1,SIN(RADIANS(Locations!$B4))*SIN(RADIANS(Locations!$B10))+COS(RADIANS(Locations!$B4))*COS(RADIANS(Locations!$B10))*COS(RADIANS(Locations!$C10-Locations!$C4))))),0) -> 1207 | D39: =C39/5280 -> 0.22859848
A40: Puerta del Sol | B40: Plaza Verde 1 | C40: =ROUND(3958.8*5280*ACOS(MIN(1,MAX(-1,SIN(RADIANS(Locations!$B13))*SIN(RADIANS(Locations!$B16))+COS(RADIANS(Locations!$B13))*COS(RADIANS(Locations!$B16))*COS(RADIANS(Locations!$C16-Locations!$C13))))),0) -> 1230 | D40: =C40/5280 -> 0.23295455
A41: Princeton Court | B41: Berkeley Court | C41: =ROUND(3958.8*5280*ACOS(MIN(1,MAX(-1,SIN(RADIANS(Locations!$B3))*SIN(RADIANS(Locations!$B8))+COS(RADIANS(Locations!$B3))*COS(RADIANS(Locations!$B8))*COS(RADIANS(Locations!$C8-Locations!$C3))))),0) -> 1271 | D41: =C41/5280 -> 0.2407197
A42: Puerta del Sol | B42: Arroyo Vista | C42: =ROUND(3958.8*5280*ACOS(MIN(1,MAX(-1,SIN(RADIANS(Locations!$B13))*SIN(RADIANS(Locations!$B15))+COS(RADIANS(Locations!$B13))*COS(RADIANS(Locations!$B15))*COS(RADIANS(Locations!$C15-Locations!$C13))))),0) -> 1273 | D42: =C42/5280 -> 0.24109848
A43: Berkeley Court | B43: Puerta del Sol | C43: =ROUND(3958.8*5280*ACOS(MIN(1,MAX(-1,SIN(RADIANS(Locations!$B8))*SIN(RADIANS(Locations!$B13))+COS(RADIANS(Locations!$B8))*COS(RADIANS(Locations!$B13))*COS(RADIANS(Locations!$C13-Locations!$C8))))),0) -> 1306 | D43: =C43/5280 -> 0.24734848
A44: Verano | B44: Plaza Verde 2 | C44: =ROUND(3958.8*5280*ACOS(MIN(1,MAX(-1,SIN(RADIANS(Locations!$B14))*SIN(RADIANS(Locations!$B17))+COS(RADIANS(Locations!$B14))*COS(RADIANS(Locations!$B17))*COS(RADIANS(Locations!$C17-Locations!$C14))))),0) -> 1319 | D44: =C44/5280 -> 0.24981061
A45: Verano | B45: Plaza Verde 1 | C45: =ROUND(3958.8*5280*ACOS(MIN(1,MAX(-1,SIN(RADIANS(Locations!$B14))*SIN(RADIANS(Locations!$B16))+COS(RADIANS(Locations!$B14))*COS(RADIANS(Locations!$B16))*COS(RADIANS(Locations!$C16-Locations!$C14))))),0) -> 1333 | D45: =C45/5280 -> 0.25246212
A46: Cornell Court | B46: Puerta del Sol | C46: =ROUND(3958.8*5280*ACOS(MIN(1,MAX(-1,SIN(RADIANS(Locations!$B10))*SIN(RADIANS(Locations!$B13))+COS(RADIANS(Locations!$B10))*COS(RADIANS(Locations!$B13))*COS(RADIANS(Locations!$C13-Locations!$C10))))),0) -> 1381 | D46: =C46/5280 -> 0.26155303
A47: Plaza Verde 2 | B47: Vista del Campo Norte | C47: =ROUND(3958.8*5280*ACOS(MIN(1,MAX(-1,SIN(RADIANS(Locations!$B17))*SIN(RADIANS(Locations!$B18))+COS(RADIANS(Locations!$B17))*COS(RADIANS(Locations!$B18))*COS(RADIANS(Locations!$C18-Locations!$C17))))),0) -> 1442 | D47: =C47/5280 -> 0.27310606
A48: Plaza Verde 2 | B48: Camino del Sol | C48: =ROUND(3958.8*5280*ACOS(MIN(1,MAX(-1,SIN(RADIANS(Locations!$B17))*SIN(RADIANS(Locations!$B20))+COS(RADIANS(Locations!$B17))*COS(RADIANS(Locations!$B20))*COS(RADIANS(Locations!$C20-Locations!$C17))))),0) -> 1444 | D48: =C48/5280 -> 0.27348485
A49: Berkeley Court | B49: Middle Earth | C49: =ROUND(3958.8*5280*ACOS(MIN(1,MAX(-1,SIN(RADIANS(Locations!$B8))*SIN(RADIANS(Locations!$B12))+COS(RADIANS(Locations!$B8))*COS(RADIANS(Locations!$B12))*COS(RADIANS(Locations!$C12-Locations!$C8))))),0) -> 1486 | D49: =C49/5280 -> 0.28143939
A50: Oxford Court | B50: Columbia Court | C50: =ROUND(3958.8*5280*ACOS(MIN(1,MAX(-1,SIN(RADIANS(Locations!$B4))*SIN(RADIANS(Locations!$B7))+COS(RADIANS(Locations!$B4))*COS(RADIANS(Locations!$B7))*COS(RADIANS(Locations!$C7-Locations!$C4))))),0) -> 1491 | D50: =C50/5280 -> 0.28238636
A51: Puerta del Sol | B51: Plaza Verde 2 | C51: =ROUND(3958.8*5280*ACOS(MIN(1,MAX(-1,SIN(RADIANS(Locations!$B13))*SIN(RADIANS(Locations!$B17))+COS(RADIANS(Locations!$B13))*COS(RADIANS(Locations!$B17))*COS(RADIANS(Locations!$C17-Locations!$C13))))),0) -> 1507 | D51: =C51/5280 -> 0.28541667
A52: Arroyo Vista | B52: Camino del Sol | C52: =ROUND(3958.8*5280*ACOS(MIN(1,MAX(-1,SIN(RADIANS(Locations!$B15))*SIN(RADIANS(Locations!$B20))+COS(RADIANS(Locations!$B15))*COS(RADIANS(Locations!$B20))*COS(RADIANS(Locations!$C20-Locations!$C15))))),0) -> 1512 | D52: =C52/5280 -> 0.28636364
A53: Puerta del Sol | B53: Verano | C53: =ROUND(3958.8*5280*ACOS(MIN(1,MAX(-1,SIN(RADIANS(Locations!$B13))*SIN(RADIANS(Locations!$B14))+COS(RADIANS(Locations!$B13))*COS(RADIANS(Locations!$B14))*COS(RADIANS(Locations!$C14-Locations!$C13))))),0) -> 1526 | D53: =C53/5280 -> 0.28901515
A54: Ambrose | B54: Columbia Court | C54: =ROUND(3958.8*5280*ACOS(MIN(1,MAX(-1,SIN(RADIANS(Locations!$B5))*SIN(RADIANS(Locations!$B7))+COS(RADIANS(Locations!$B5))*COS(RADIANS(Locations!$B7))*COS(RADIANS(Locations!$C7-Locations!$C5))))),0) -> 1554 | D54: =C54/5280 -> 0.29431818
A55: Columbia Court | B55: Puerta del Sol | C55: =ROUND(3958.8*5280*ACOS(MIN(1,MAX(-1,SIN(RADIANS(Locations!$B7))*SIN(RADIANS(Locations!$B13))+COS(RADIANS(Locations!$B7))*COS(RADIANS(Locations!$B13))*COS(RADIANS(Locations!$C13-Locations!$C7))))),0) -> 1558 | D55: =C55/5280 -> 0.29507576
A56: Ambrose | B56: Berkeley Court | C56: =ROUND(3958.8*5280*ACOS(MIN(1,MAX(-1,SIN(RADIANS(Locations!$B5))*SIN(RADIANS(Locations!$B8))+COS(RADIANS(Locations!$B5))*COS(RADIANS(Locations!$B8))*COS(RADIANS(Locations!$C8-Locations!$C5))))),0) -> 1601 | D56: =C56/5280 -> 0.3032197
A57: Oxford Court | B57: Harvard Court | C57: =ROUND(3958.8*5280*ACOS(MIN(1,MAX(-1,SIN(RADIANS(Locations!$B4))*SIN(RADIANS(Locations!$B9))+COS(RADIANS(Locations!$B4))*COS(RADIANS(Locations!$B9))*COS(RADIANS(Locations!$C9-Locations!$C4))))),0) -> 1606 | D57: =C57/5280 -> 0.30416667
A58: Verano | B58: Camino del Sol | C58: =ROUND(3958.8*5280*ACOS(MIN(1,MAX(-1,SIN(RADIANS(Locations!$B14))*SIN(RADIANS(Locations!$B20))+COS(RADIANS(Locations!$B14))*COS(RADIANS(Locations!$B20))*COS(RADIANS(Locations!$C20-Locations!$C14))))),0) -> 1656 | D58: =C58/5280 -> 0.31363636
A59: Columbia Court | B59: Middle Earth | C59: =ROUND(3958.8*5280*ACOS(MIN(1,MAX(-1,SIN(RADIANS(Locations!$B7))*SIN(RADIANS(Locations!$B12))+COS(RADIANS(Locations!$B7))*COS(RADIANS(Locations!$B12))*COS(RADIANS(Locations!$C12-Locations!$C7))))),0) -> 1657 | D59: =C59/5280 -> 0.31382576
A60: Middle Earth | B60: Puerta del Sol | C60: =ROUND(3958.8*5280*ACOS(MIN(1,MAX(-1,SIN(RADIANS(Locations!$B12))*SIN(RADIANS(Locations!$B13))+COS(RADIANS(Locations!$B12))*COS(RADIANS(Locations!$B13))*COS(RADIANS(Locations!$C13-Locations!$C12))))),0) -> 1666 | D60: =C60/5280 -> 0.3155303
A61: Oxford Court | B61: Berkeley Court | C61: =ROUND(3958.8*5280*ACOS(MIN(1,MAX(-1,SIN(RADIANS(Locations!$B4))*SIN(RADIANS(Locations!$B8))+COS(RADIANS(Locations!$B4))*COS(RADIANS(Locations!$B8))*COS(RADIANS(Locations!$C8-Locations!$C4))))),0) -> 1679 | D61: =C61/5280 -> 0.31799242
A62: Arroyo Vista | B62: Vista del Campo Norte | C62: =ROUND(3958.8*5280*ACOS(MIN(1,MAX(-1,SIN(RADIANS(Locations!$B15))*SIN(RADIANS(Locations!$B18))+COS(RADIANS(Locations!$B15))*COS(RADIANS(Locations!$B18))*COS(RADIANS(Locations!$C18-Locations!$C15))))),0) -> 1690 | D62: =C62/5280 -> 0.32007576
A63: Plaza Verde 1 | B63: Camino del Sol | C63: =ROUND(3958.8*5280*ACOS(MIN(1,MAX(-1,SIN(RADIANS(Locations!$B16))*SIN(RADIANS(Locations!$B20))+COS(RADIANS(Locations!$B16))*COS(RADIANS(Locations!$B20))*COS(RADIANS(Locations!$C20-Locations!$C16))))),0) -> 1730 | D63: =C63/5280 -> 0.32765152
A64: Plaza Verde 1 | B64: Vista del Campo Norte | C64: =ROUND(3958.8*5280*ACOS(MIN(1,MAX(-1,SIN(RADIANS(Locations!$B16))*SIN(RADIANS(Locations!$B18))+COS(RADIANS(Locations!$B16))*COS(RADIANS(Locations!$B18))*COS(RADIANS(Locations!$C18-Locations!$C16))))),0) -> 1738 | D64: =C64/5280 -> 0.32916667
A65: Plaza Verde 2 | B65: Vista del Campo | C65: =ROUND(3958.8*5280*ACOS(MIN(1,MAX(-1,SIN(RADIANS(Locations!$B17))*SIN(RADIANS(Locations!$B19))+COS(RADIANS(Locations!$B17))*COS(RADIANS(Locations!$B19))*COS(RADIANS(Locations!$C19-Locations!$C17))))),0) -> 1852 | D65: =C65/5280 -> 0.35075758
A66: Harvard Court | B66: Plaza Verde 1 | C66: =ROUND(3958.8*5280*ACOS(MIN(1,MAX(-1,SIN(RADIANS(Locations!$B9))*SIN(RADIANS(Locations!$B16))+COS(RADIANS(Locations!$B9))*COS(RADIANS(Locations!$B16))*COS(RADIANS(Locations!$C16-Locations!$C9))))),0) -> 1914 | D66: =C66/5280 -> 0.3625
A67: Dartmouth Court | B67: Puerta del Sol | C67: =ROUND(3958.8*5280*ACOS(MIN(1,MAX(-1,SIN(RADIANS(Locations!$B6))*SIN(RADIANS(Locations!$B13))+COS(RADIANS(Locations!$B6))*COS(RADIANS(Locations!$B13))*COS(RADIANS(Locations!$C13-Locations!$C6))))),0) -> 1950 | D67: =C67/5280 -> 0.36931818
A68: Arroyo Vista | B68: Vista del Campo | C68: =ROUND(3958.8*5280*ACOS(MIN(1,MAX(-1,SIN(RADIANS(Locations!$B15))*SIN(RADIANS(Locations!$B19))+COS(RADIANS(Locations!$B15))*COS(RADIANS(Locations!$B19))*COS(RADIANS(Locations!$C19-Locations!$C15))))),0) -> 1974 | D68: =C68/5280 -> 0.37386364
A69: Princeton Court | B69: Puerta del Sol | C69: =ROUND(3958.8*5280*ACOS(MIN(1,MAX(-1,SIN(RADIANS(Locations!$B3))*SIN(RADIANS(Locations!$B13))+COS(RADIANS(Locations!$B3))*COS(RADIANS(Locations!$B13))*COS(RADIANS(Locations!$C13-Locations!$C3))))),0) -> 1975 | D69: =C69/5280 -> 0.37405303
A70: Ambrose | B70: Puerta del Sol | C70: =ROUND(3958.8*5280*ACOS(MIN(1,MAX(-1,SIN(RADIANS(Locations!$B5))*SIN(RADIANS(Locations!$B13))+COS(RADIANS(Locations!$B5))*COS(RADIANS(Locations!$B13))*COS(RADIANS(Locations!$C13-Locations!$C5))))),0) -> 1986 | D70: =C70/5280 -> 0.37613636
A71: Stanford Court | B71: Puerta del Sol | C71: =ROUND(3958.8*5280*ACOS(MIN(1,MAX(-1,SIN(RADIANS(Locations!$B2))*SIN(RADIANS(Locations!$B13))+COS(RADIANS(Locations!$B2))*COS(RADIANS(Locations!$B13))*COS(RADIANS(Locations!$C13-Locations!$C2))))),0) -> 2022 | D71: =C71/5280 -> 0.38295455
A72: Oxford Court | B72: Mesa Court | C72: =ROUND(3958.8*5280*ACOS(MIN(1,MAX(-1,SIN(RADIANS(Locations!$B4))*SIN(RADIANS(Locations!$B11))+COS(RADIANS(Locations!$B4))*COS(RADIANS(Locations!$B11))*COS(RADIANS(Locations!$C11-Locations!$C4))))),0) -> 2041 | D72: =C72/5280 -> 0.38655303
A73: Dartmouth Court | B73: Mesa Court | C73: =ROUND(3958.8*5280*ACOS(MIN(1,MAX(-1,SIN(RADIANS(Locations!$B6))*SIN(RADIANS(Locations!$B11))+COS(RADIANS(Locations!$B6))*COS(RADIANS(Locations!$B11))*COS(RADIANS(Locations!$C11-Locations!$C6))))),0) -> 2097 | D73: =C73/5280 -> 0.39715909
A74: Harvard Court | B74: Arroyo Vista | C74: =ROUND(3958.8*5280*ACOS(MIN(1,MAX(-1,SIN(RADIANS(Locations!$B9))*SIN(RADIANS(Locations!$B15))+COS(RADIANS(Locations!$B9))*COS(RADIANS(Locations!$B15))*COS(RADIANS(Locations!$C15-Locations!$C9))))),0) -> 2100 | D74: =C74/5280 -> 0.39772727
A75: Middle Earth | B75: Verano | C75: =ROUND(3958.8*5280*ACOS(MIN(1,MAX(-1,SIN(RADIANS(Locations!$B12))*SIN(RADIANS(Locations!$B14))+COS(RADIANS(Locations!$B12))*COS(RADIANS(Locations!$B14))*COS(RADIANS(Locations!$C14-Locations!$C12))))),0) -> 2110 | D75: =C75/5280 -> 0.39962121
A76: Harvard Court | B76: Middle Earth | C76: =ROUND(3958.8*5280*ACOS(MIN(1,MAX(-1,SIN(RADIANS(Locations!$B9))*SIN(RADIANS(Locations!$B12))+COS(RADIANS(Locations!$B9))*COS(RADIANS(Locations!$B12))*COS(RADIANS(Locations!$C12-Locations!$C9))))),0) -> 2118 | D76: =C76/5280 -> 0.40113636
A77: Plaza Verde 1 | B77: Vista del Campo | C77: =ROUND(3958.8*5280*ACOS(MIN(1,MAX(-1,SIN(RADIANS(Locations!$B16))*SIN(RADIANS(Locations!$B19))+COS(RADIANS(Locations!$B16))*COS(RADIANS(Locations!$B19))*COS(RADIANS(Locations!$C19-Locations!$C16))))),0) -> 2150 | D77: =C77/5280 -> 0.40719697
A78: Verano | B78: Vista del Campo | C78: =ROUND(3958.8*5280*ACOS(MIN(1,MAX(-1,SIN(RADIANS(Locations!$B14))*SIN(RADIANS(Locations!$B19))+COS(RADIANS(Locations!$B14))*COS(RADIANS(Locations!$B19))*COS(RADIANS(Locations!$C19-Locations!$C14))))),0) -> 2158 | D78: =C78/5280 -> 0.40871212
A79: Stanford Court | B79: Mesa Court | C79: =ROUND(3958.8*5280*ACOS(MIN(1,MAX(-1,SIN(RADIANS(Locations!$B2))*SIN(RADIANS(Locations!$B11))+COS(RADIANS(Locations!$B2))*COS(RADIANS(Locations!$B11))*COS(RADIANS(Locations!$C11-Locations!$C2))))),0) -> 2177 | D79: =C79/5280 -> 0.41231061
A80: Harvard Court | B80: Plaza Verde 2 | C80: =ROUND(3958.8*5280*ACOS(MIN(1,MAX(-1,SIN(RADIANS(Locations!$B9))*SIN(RADIANS(Locations!$B17))+COS(RADIANS(Locations!$B9))*COS(RADIANS(Locations!$B17))*COS(RADIANS(Locations!$C17-Locations!$C9))))),0) -> 2216 | D80: =C80/5280 -> 0.41969697
A81: Verano | B81: Vista del Campo Norte | C81: =ROUND(3958.8*5280*ACOS(MIN(1,MAX(-1,SIN(RADIANS(Locations!$B14))*SIN(RADIANS(Locations!$B18))+COS(RADIANS(Locations!$B14))*COS(RADIANS(Locations!$B18))*COS(RADIANS(Locations!$C18-Locations!$C14))))),0) -> 2220 | D81: =C81/5280 -> 0.42045455
A82: Cornell Court | B82: Middle Earth | C82: =ROUND(3958.8*5280*ACOS(MIN(1,MAX(-1,SIN(RADIANS(Locations!$B10))*SIN(RADIANS(Locations!$B12))+COS(RADIANS(Locations!$B10))*COS(RADIANS(Locations!$B12))*COS(RADIANS(Locations!$C12-Locations!$C10))))),0) -> 2293 | D82: =C82/5280 -> 0.4342803
A83: Cornell Court | B83: Plaza Verde 1 | C83: =ROUND(3958.8*5280*ACOS(MIN(1,MAX(-1,SIN(RADIANS(Locations!$B10))*SIN(RADIANS(Locations!$B16))+COS(RADIANS(Locations!$B10))*COS(RADIANS(Locations!$B16))*COS(RADIANS(Locations!$C16-Locations!$C10))))),0) -> 2302 | D83: =C83/5280 -> 0.43598485
A84: Columbia Court | B84: Mesa Court | C84: =ROUND(3958.8*5280*ACOS(MIN(1,MAX(-1,SIN(RADIANS(Locations!$B7))*SIN(RADIANS(Locations!$B11))+COS(RADIANS(Locations!$B7))*COS(RADIANS(Locations!$B11))*COS(RADIANS(Locations!$C11-Locations!$C7))))),0) -> 2304 | D84: =C84/5280 -> 0.43636364
A85: Dartmouth Court | B85: Middle Earth | C85: =ROUND(3958.8*5280*ACOS(MIN(1,MAX(-1,SIN(RADIANS(Locations!$B6))*SIN(RADIANS(Locations!$B12))+COS(RADIANS(Locations!$B6))*COS(RADIANS(Locations!$B12))*COS(RADIANS(Locations!$C12-Locations!$C6))))),0) -> 2384 | D85: =C85/5280 -> 0.45151515
A86: Princeton Court | B86: Mesa Court | C86: =ROUND(3958.8*5280*ACOS(MIN(1,MAX(-1,SIN(RADIANS(Locations!$B3))*SIN(RADIANS(Locations!$B11))+COS(RADIANS(Locations!$B3))*COS(RADIANS(Locations!$B11))*COS(RADIANS(Locations!$C11-Locations!$C3))))),0) -> 2478 | D86: =C86/5280 -> 0.46931818
A87: Cornell Court | B87: Arroyo Vista | C87: =ROUND(3958.8*5280*ACOS(MIN(1,MAX(-1,SIN(RADIANS(Locations!$B10))*SIN(RADIANS(Locations!$B15))+COS(RADIANS(Locations!$B10))*COS(RADIANS(Locations!$B15))*COS(RADIANS(Locations!$C15-Locations!$C10))))),0) -> 2498 | D87: =C87/5280 -> 0.47310606
A88: Berkeley Court | B88: Plaza Verde 1 | C88: =ROUND(3958.8*5280*ACOS(MIN(1,MAX(-1,SIN(RADIANS(Locations!$B8))*SIN(RADIANS(Locations!$B16))+COS(RADIANS(Locations!$B8))*COS(RADIANS(Locations!$B16))*COS(RADIANS(Locations!$C16-Locations!$C8))))),0) -> 2505 | D88: =C88/5280 -> 0.47443182
A89: Harvard Court | B89: Verano | C89: =ROUND(3958.8*5280*ACOS(MIN(1,MAX(-1,SIN(RADIANS(Locations!$B9))*SIN(RADIANS(Locations!$B14))+COS(RADIANS(Locations!$B9))*COS(RADIANS(Locations!$B14))*COS(RADIANS(Locations!$C14-Locations!$C9))))),0) -> 2520 | D89: =C89/5280 -> 0.47727273
A90: Berkeley Court | B90: Mesa Court | C90: =ROUND(3958.8*5280*ACOS(MIN(1,MAX(-1,SIN(RADIANS(Locations!$B8))*SIN(RADIANS(Locations!$B11))+COS(RADIANS(Locations!$B8))*COS(RADIANS(Locations!$B11))*COS(RADIANS(Locations!$C11-Locations!$C8))))),0) -> 2563 | D90: =C90/5280 -> 0.48541667
A91: Stanford Court | B91: Middle Earth | C91: =ROUND(3958.8*5280*ACOS(MIN(1,MAX(-1,SIN(RADIANS(Locations!$B2))*SIN(RADIANS(Locations!$B12))+COS(RADIANS(Locations!$B2))*COS(RADIANS(Locations!$B12))*COS(RADIANS(Locations!$C12-Locations!$C2))))),0) -> 2577 | D91: =C91/5280 -> 0.48806818
A92: Berkeley Court | B92: Arroyo Vista | C92: =ROUND(3958.8*5280*ACOS(MIN(1,MAX(-1,SIN(RADIANS(Locations!$B8))*SIN(RADIANS(Locations!$B15))+COS(RADIANS(Locations!$B8))*COS(RADIANS(Locations!$B15))*COS(RADIANS(Locations!$C15-Locations!$C8))))),0) -> 2578 | D92: =C92/5280 -> 0.48825758
A93: Oxford Court | B93: Puerta del Sol | C93: =ROUND(3958.8*5280*ACOS(MIN(1,MAX(-1,SIN(RADIANS(Locations!$B4))*SIN(RADIANS(Locations!$B13))+COS(RADIANS(Locations!$B4))*COS(RADIANS(Locations!$B13))*COS(RADIANS(Locations!$C13-Locations!$C4))))),0) -> 2581 | D93: =C93/5280 -> 0.48882576
A94: Middle Earth | B94: Arroyo Vista | C94: =ROUND(3958.8*5280*ACOS(MIN(1,MAX(-1,SIN(RADIANS(Locations!$B12))*SIN(RADIANS(Locations!$B15))+COS(RADIANS(Locations!$B12))*COS(RADIANS(Locations!$B15))*COS(RADIANS(Locations!$C15-Locations!$C12))))),0) -> 2581 | D94: =C94/5280 -> 0.48882576
A95: Cornell Court | B95: Plaza Verde 2 | C95: =ROUND(3958.8*5280*ACOS(MIN(1,MAX(-1,SIN(RADIANS(Locations!$B10))*SIN(RADIANS(Locations!$B17))+COS(RADIANS(Locations!$B10))*COS(RADIANS(Locations!$B17))*COS(RADIANS(Locations!$C17-Locations!$C10))))),0) -> 2603 | D95: =C95/5280 -> 0.49299242
A96: Ambrose | B96: Plaza Verde 1 | C96: =ROUND(3958.8*5280*ACOS(MIN(1,MAX(-1,SIN(RADIANS(Locations!$B5))*SIN(RADIANS(Locations!$B16))+COS(RADIANS(Locations!$B5))*COS(RADIANS(Locations!$B16))*COS(RADIANS(Locations!$C16-Locations!$C5))))),0) -> 2651 | D96: =C96/5280 -> 0.50208333
A97: Berkeley Court | B97: Verano | C97: =ROUND(3958.8*5280*ACOS(MIN(1,MAX(-1,SIN(RADIANS(Locations!$B8))*SIN(RADIANS(Locations!$B14))+COS(RADIANS(Locations!$B8))*COS(RADIANS(Locations!$B14))*COS(RADIANS(Locations!$C14-Locations!$C8))))),0) -> 2672 | D97: =C97/5280 -> 0.50606061
A98: Middle Earth | B98: Plaza Verde 1 | C98: =ROUND(3958.8*5280*ACOS(MIN(1,MAX(-1,SIN(RADIANS(Locations!$B12))*SIN(RADIANS(Locations!$B16))+COS(RADIANS(Locations!$B12))*COS(RADIANS(Locations!$B16))*COS(RADIANS(Locations!$C16-Locations!$C12))))),0) -> 2719 | D98: =C98/5280 -> 0.51496212
A99: Columbia Court | B99: Plaza Verde 1 | C99: =ROUND(3958.8*5280*ACOS(MIN(1,MAX(-1,SIN(RADIANS(Locations!$B7))*SIN(RADIANS(Locations!$B16))+COS(RADIANS(Locations!$B7))*COS(RADIANS(Locations!$B16))*COS(RADIANS(Locations!$C16-Locations!$C7))))),0) -> 2742 | D99: =C99/5280 -> 0.51931818
A100: Princeton Court | B100: Middle Earth | C100: =ROUND(3958.8*5280*ACOS(MIN(1,MAX(-1,SIN(RADIANS(Locations!$B3))*SIN(RADIANS(Locations!$B12))+COS(RADIANS(Locations!$B3))*COS(RADIANS(Locations!$B12))*COS(RADIANS(Locations!$C12-Locations!$C3))))),0) -> 2752 | D100: =C100/5280 -> 0.52121212
...
